,Quiescent,Active,Jailed,Fighting,Legitimacy,network,run
0,1109,0,0,0,0.82,None,2
1,929,130,0,50,0.82,None,2
2,653,386,55,13,0.6956593719242743,None,2
3,636,355,85,30,0.4895766218508419,None,2
4,640,337,121,7,0.4833153792870769,None,2
5,637,293,153,19,0.4931633068263539,None,2
6,638,276,174,12,0.49796943847648917,None,2
7,640,230,203,26,0.5032545038368467,None,2
8,642,216,229,12,0.5103917255486968,None,2
9,645,174,251,26,0.5166307247142023,None,2
10,651,156,277,10,0.5238968600816045,None,2
11,657,109,298,30,0.533731795142295,None,2
12,668,86,329,9,0.5419578360790117,None,2
13,697,34,341,19,0.5564156173780231,None,2
14,711,10,363,4,0.5804092104062956,None,2
15,730,1,353,4,0.5961115654993463,None,2
16,743,0,345,0,0.6086848748104268,None,2
17,759,0,329,0,0.6171859450470294,None,2
18,777,0,310,1,0.6266406438494891,None,2
19,797,0,291,0,0.6372671866055458,None,2
20,806,0,280,2,0.6496853199431888,None,2
21,823,0,265,0,0.654896391275784,None,2
22,838,1,249,0,0.6659335444675153,None,2
23,852,1,235,0,0.675292553443568,None,2
24,869,1,215,3,0.6843025312356543,None,2
25,883,0,203,2,0.6948029631841645,None,2
26,907,0,181,0,0.7043484950162651,None,2
27,910,3,171,4,0.7205113640232047,None,2
28,921,0,167,0,0.7211892245089792,None,2
29,936,0,150,2,0.7296905604475187,None,2
30,951,0,130,6,0.7390466074678651,None,2
31,962,1,120,4,0.7480799136966394,None,2
32,975,1,110,1,0.7550247669670578,None,2
33,989,0,98,0,0.7632577333718658,None,2
34,1005,0,81,1,0.7714121172450012,None,2
35,963,32,76,16,0.7793678177153689,None,2
36,886,84,90,27,0.7476798267882677,None,2
37,688,259,110,30,0.6864596928258023,None,2
38,647,280,142,17,0.5325089048507038,None,2
39,640,256,170,19,0.5087136351713021,None,2
40,653,229,183,18,0.5091807893633573,None,2
41,645,211,210,17,0.5217213466418048,None,2
42,642,189,235,17,0.520899088246376,None,2
43,650,154,261,17,0.5233476395091873,None,2
44,647,130,283,22,0.5343140732849988,None,2
45,660,88,316,17,0.5362001807966698,None,2
46,699,28,346,7,0.5521412875700487,None,2
47,727,2,345,6,0.5869994637340262,None,2
48,739,0,339,1,0.6080758734456988,None,2
49,748,1,330,0,0.616612863507424,None,2
50,762,0,316,1,0.6219387039119422,None,2
51,772,0,305,2,0.6303152665976333,None,2
52,789,0,289,1,0.6361830336532968,None,2
53,805,0,273,1,0.6467909199507635,None,2
54,818,0,258,2,0.6567536228540773,None,2
55,836,1,240,0,0.6650348280103738,None,2
56,846,0,226,5,0.6770073058399342,None,2
57,858,0,219,0,0.6827359483124262,None,2
58,878,0,199,0,0.6914756412725322,None,2
59,889,1,182,5,0.7045968763624941,None,2
60,902,0,173,2,0.710729285667496,None,2
61,920,0,153,4,0.7200164441102657,None,2
62,927,2,146,2,0.7313860685648155,None,2
63,934,3,136,3,0.7358936466875492,None,2
64,951,0,125,0,0.7402462102964267,None,2
65,960,0,114,2,0.7518822962727386,None,2
66,976,0,99,1,0.7568696501822024,None,2
67,992,0,83,0,0.7660836272264212,None,2
68,1009,0,66,0,0.7746332838628017,None,2
69,1019,1,54,1,0.7823684639219295,None,2
70,1019,3,48,5,0.7861153582527203,None,2
71,1028,0,46,1,0.7850062509488428,None,2
72,1036,0,38,1,0.7898009815210203,None,2
73,1040,1,31,2,0.7928131076608869,None,2
74,1040,0,32,2,0.7939324903414715,None,2
75,1043,0,31,0,0.7941173415587843,None,2
76,1046,0,28,0,0.7955983934569212,None,2
77,1045,0,28,1,0.7967083869912052,None,2
78,1044,0,28,2,0.796153633574821,None,2
79,1044,0,29,1,0.7955987936441676,None,2
80,1044,1,29,0,0.7957836448614805,None,2
81,1045,0,28,1,0.7957836448614805,None,2
82,1044,0,28,2,0.796153633574821,None,2
83,1045,0,29,0,0.7955987936441676,None,2
84,1046,1,27,0,0.796338484792134,None,2
85,1048,0,26,0,0.7965235357738922,None,2
86,1048,0,25,1,0.7974480167499527,None,2
87,1048,0,25,1,0.7972631655326398,None,2
88,1050,0,23,1,0.7972631655326398,None,2
89,1051,0,21,2,0.7980026619969427,None,2
90,1048,1,23,2,0.7981875336214653,None,2
91,1048,0,24,2,0.796893463098014,None,2
92,1048,0,24,2,0.7970783143153269,None,2
93,1038,7,24,5,0.7970783143153269,None,2
94,997,26,29,22,0.7915265975549839,None,2
95,792,194,53,34,0.7682354248254066,None,2
96,641,321,87,24,0.608197445594239,None,2
97,638,287,127,21,0.498822639560923,None,2
98,639,262,153,19,0.504036068984226,None,2
99,642,226,179,26,0.5095686315823011,None,2
100,638,205,210,17,0.5165567116214149,None,2
101,645,164,244,16,0.5204502319865316,None,2
102,670,125,261,12,0.532200107910034,None,2
103,677,81,289,20,0.5541402810793042,None,2
104,708,40,308,10,0.5649097038171855,None,2
105,723,10,319,11,0.5922331164695793,None,2
106,734,0,329,0,0.6070006002071535,None,2
107,753,0,310,0,0.6173980829838445,None,2
108,767,0,293,3,0.6288156092974779,None,2
109,780,0,281,2,0.6368080509502945,None,2
110,790,0,273,0,0.6450314382314322,None,2
111,803,0,260,0,0.6516507503733081,None,2
112,816,0,247,0,0.6598589939256128,None,2
113,833,0,229,1,0.6681575983775153,None,2
114,837,0,221,5,0.6789486926065545,None,2
115,847,0,216,0,0.6808099860784717,None,2
116,863,0,199,1,0.68826152985441,None,2
117,877,0,185,1,0.698578266747443,None,2
118,894,0,168,1,0.7077942942093295,None,2
119,906,0,157,0,0.7189561568331062,None,2
120,912,1,149,1,0.726949639349306,None,2
121,928,0,135,0,0.7304462538804825,None,2
122,940,0,120,3,0.7409389971197822,None,2
123,953,0,110,0,0.7477269321460064,None,2
124,964,0,98,1,0.7559001368039721,None,2
125,979,0,84,0,0.761817507089747,None,2
126,1003,0,59,1,0.7697103723634411,None,2
127,1006,1,55,1,0.7802505573543136,None,2
128,1016,0,47,0,0.7812794258773198,None,2
129,1022,0,40,1,0.7855494035228237,None,2
130,1028,1,32,2,0.7876292878757474,None,2
131,1029,2,28,3,0.7894948170235446,None,2
132,1031,0,25,6,0.7894970238677593,None,2
133,1034,0,27,1,0.7900528569375344,None,2
134,1040,0,22,0,0.7920871065583828,None,2
135,1036,3,21,2,0.7944905206786445,None,2
136,1012,11,23,16,0.7920873314478788,None,2
137,1010,4,36,10,0.7790385381018649,None,2
138,1012,0,48,0,0.7807021990576809,None,2
139,1012,0,47,1,0.7840584741918952,None,2
140,1013,0,47,0,0.7838736229745824,None,2
141,1015,0,43,2,0.7844402962189463,None,2
142,1015,0,44,1,0.784830070203381,None,2
143,1017,0,43,0,0.785014921420694,None,2
144,1019,0,41,0,0.7859544080785656,None,2
145,1019,0,40,1,0.7867050317891829,None,2
146,1019,0,41,0,0.78652018057187,None,2
147,1022,0,38,0,0.7867050317891829,None,2
148,1021,0,36,3,0.7878251303540127,None,2
149,1019,0,38,3,0.7868978687068743,None,2
150,1020,0,39,1,0.7861504781372443,None,2
151,1021,0,39,0,0.7868942338046199,None,2
152,1025,0,35,0,0.787452422358813,None,2
153,1027,0,32,1,0.7889402633716058,None,2
154,1028,0,31,1,0.7894970238677593,None,2
155,1029,1,30,0,0.7898674587537321,None,2
156,1031,0,29,0,0.7902377081548472,None,2
157,1027,2,28,3,0.7911626507073729,None,2
158,1028,0,31,1,0.7887576189985077,None,2
159,1026,0,30,4,0.7898674587537321,None,2
160,1026,0,33,1,0.7885718050393975,None,2
161,1030,0,30,0,0.7891263586913363,None,2
162,1031,0,28,1,0.7907926619940323,None,2
163,1031,0,28,1,0.7909777994900601,None,2
164,1034,0,25,1,0.7909777994900601,None,2
165,1037,0,23,0,0.7920873314478788,None,2
166,1041,0,19,0,0.7933814019713301,None,2
167,1043,0,16,1,0.7948602335213926,None,2
168,1042,0,15,3,0.795414787988151,None,2
169,1031,7,18,4,0.7946753828920624,None,2
170,1033,0,24,3,0.7891292873169311,None,2
171,1031,1,27,1,0.7913478372975087,None,2
172,1032,0,28,0,0.7907929482727472,None,2
173,1034,0,26,0,0.7915325529064442,None,2
174,1035,1,24,0,0.7922721826651917,None,2
175,1035,0,24,1,0.7924570906893695,None,2
176,1036,0,23,1,0.7924570906893695,None,2
177,1034,2,22,2,0.7928268279121816,None,2
178,1030,1,25,4,0.79153277779594,None,2
179,1031,0,29,0,0.7898684059074679,None,2
180,1030,0,29,1,0.7911626507073729,None,2
181,1030,0,29,1,0.7906078107767194,None,2
182,1030,0,28,2,0.7906078107767194,None,2
183,1026,1,28,5,0.7904229595594066,None,2
184,1027,0,30,2,0.7882021026047717,None,2
185,1025,0,32,2,0.7893129051017934,None,2
186,1027,0,32,0,0.7885718050393975,None,2
187,1026,0,32,1,0.7896826075364192,None,2
188,1030,0,29,0,0.7891273214331336,None,2
189,1033,0,24,2,0.7907929482727472,None,2
190,1031,1,25,2,0.79153277779594,None,2
191,967,43,28,21,0.7906082968198797,None,2
192,804,171,48,36,0.7523839946818607,None,2
193,641,305,94,18,0.6232973872681157,None,2
194,638,272,133,15,0.5055348818480856,None,2
195,640,246,155,16,0.5105430965505615,None,2
196,643,211,179,23,0.5164411036695464,None,2
197,640,188,218,10,0.523448987417224,None,2
198,646,150,238,21,0.5284516165822589,None,2
199,657,116,268,14,0.5369341877763701,None,2
200,661,81,291,21,0.5506281079503593,None,2
201,695,34,312,9,0.5582333155566945,None,2
202,721,4,315,9,0.589352102188375,None,2
203,732,0,316,1,0.610414923230596,None,2
204,743,0,305,1,0.6192241935588595,None,2
205,753,0,295,1,0.6258852721348266,None,2
206,760,0,287,2,0.6320019193001594,None,2
207,774,0,274,0,0.6361333485137846,None,2
208,783,0,264,1,0.6454776985979908,None,2
209,795,0,253,0,0.6509605958651709,None,2
210,808,0,240,0,0.6587710975796762,None,2
211,820,0,227,1,0.667115570444231,None,2
212,840,0,208,0,0.6747027175507102,None,2
213,854,0,193,1,0.6879597603485674,None,2
214,865,0,182,1,0.6969816954431013,None,2
215,881,0,167,0,0.7042229520139287,None,2
216,894,0,153,1,0.7149024630624872,None,2
217,907,0,141,0,0.7231562377067302,None,2
218,925,0,121,2,0.731634852160391,None,2
219,935,0,111,2,0.7423662468439325,None,2
220,949,2,93,3,0.7482627103152537,None,2
221,971,0,76,0,0.7556997637734052,None,2
222,982,1,63,1,0.7675880774038972,None,2
223,993,0,54,0,0.7720718466879173,None,2
224,997,0,49,1,0.7769253598168642,None,2
225,1001,0,46,0,0.7782991332326133,None,2
226,1008,1,38,0,0.7800145612046687,None,2
227,1007,1,29,10,0.7824614394913648,None,2
228,1009,0,34,4,0.7802395899813558,None,2
229,1017,0,30,0,0.7822795938346259,None,2
230,1021,0,25,1,0.7859865303438971,None,2
231,1027,1,19,0,0.7872811997977435,None,2
232,1027,0,20,0,0.7894995468359426,None,2
233,1027,0,20,0,0.7896843980532554,None,2
234,1029,0,18,0,0.7896843980532554,None,2
235,1028,0,18,1,0.7904238048938658,None,2
236,1030,0,17,0,0.7898692506539444,None,2
237,1027,2,17,1,0.7907935075553287,None,2
238,1028,0,18,1,0.7891298444013167,None,2
239,1029,0,18,0,0.7898692506539444,None,2
240,1029,0,17,1,0.7904238048938658,None,2
241,1029,0,16,2,0.790238953676553,None,2
242,1028,0,17,2,0.7900541024592399,None,2
243,1029,0,18,0,0.7896843994366315,None,2
244,1029,0,18,0,0.7904238048938658,None,2
245,1030,0,17,0,0.7904238048938658,None,2
246,1029,1,16,1,0.7907935075553287,None,2
247,997,19,15,16,0.7900541024592399,None,2
248,832,150,33,32,0.7720141918439749,None,2
249,645,305,72,24,0.6493578889686413,None,2
250,636,280,110,16,0.5088418482703245,None,2
251,638,248,138,18,0.5106836013853764,None,2
252,642,216,166,18,0.5173394997482814,None,2
253,642,190,190,18,0.5254812641917287,None,2
254,646,161,214,18,0.5306641764805667,None,2
255,654,137,231,16,0.5384542353042149,None,2
256,658,106,260,14,0.5479604604077154,None,2
257,678,60,283,17,0.556326985966404,None,2
258,709,14,302,13,0.5757330026352194,None,2
259,725,0,311,2,0.6031645392507515,None,2
260,742,0,295,1,0.6173866926907268,None,2
261,756,0,282,0,0.6279351925192757,None,2
262,771,0,266,1,0.6367809719791203,None,2
263,788,0,250,0,0.6460001863116551,None,2
264,797,0,238,3,0.6569922829295914,None,2
265,810,0,228,0,0.6622192084549027,None,2
266,819,0,219,0,0.6711905444217652,None,2
267,831,0,207,0,0.6770572463221266,None,2
268,845,0,192,1,0.6849193097295733,None,2
269,853,0,185,0,0.6939430652929924,None,2
270,865,0,173,0,0.6993947583015777,None,2
271,880,0,158,0,0.7072794174823651,None,2
272,888,0,150,0,0.7170598586332949,None,2
273,905,0,132,1,0.722214656606395,None,2
274,917,2,119,0,0.7327526143315479,None,2
275,929,0,108,1,0.7398663516869742,None,2
276,941,0,96,1,0.7470415649646609,None,2
277,951,1,85,1,0.7536455981500944,None,2
278,962,0,75,1,0.7586176154406304,None,2
279,973,0,65,0,0.7640759042749521,None,2
280,982,0,54,2,0.7691142272109108,None,2
281,989,0,48,0,0.772436368171566,None,2
282,997,0,39,1,0.775555318195502,None,2
283,1001,0,34,2,0.7783910778082268,None,2
284,1000,1,35,1,0.7796961196469586,None,2
285,1009,0,28,0,0.7793244319162482,None,2
286,1015,0,21,1,0.7830293969100509,None,2
287,1019,0,17,1,0.7850631085956868,None,2
288,1019,0,17,1,0.786541929330295,None,2
289,1017,2,15,3,0.786541929330295,None,2
290,1015,2,19,1,0.7850631176204331,None,2
291,1017,0,20,0,0.7846934061610611,None,2
292,1017,0,19,1,0.7859873737069976,None,2
293,1020,0,17,0,0.7858025224896846,None,2
294,1021,0,16,0,0.7870964832090709,None,2
295,1020,0,15,2,0.7874661857218231,None,2
296,1019,0,17,1,0.786726780774445,None,2
297,1019,0,17,1,0.786541929330295,None,2
298,1022,0,15,0,0.786541929330295,None,2
299,1021,0,14,2,0.7878358881799847,None,2
300,1020,1,15,1,0.7870964832871974,None,2
301,1011,1,16,9,0.786726780774445,None,2
302,1013,0,23,0,0.7819205144956696,None,2
303,1005,4,20,7,0.7845085435403111,None,2
304,1006,0,27,3,0.7795163375506993,None,2
305,1008,0,28,0,0.7813652499110747,None,2
306,1009,0,25,2,0.7826596944754252,None,2
307,1007,2,26,1,0.7826598300838027,None,2
308,1006,0,28,2,0.7817352386244154,None,2
309,1008,0,28,0,0.7815501011283875,None,2
310,1009,0,27,0,0.7826596944754252,None,2
311,1005,2,26,3,0.7830295325184284,None,2
312,1004,0,31,1,0.7806254448545767,None,2
313,1005,0,31,0,0.7809946003227131,None,2
314,1005,0,31,0,0.7815497009411411,None,2
315,1007,0,29,0,0.7815497009411411,None,2
316,1007,0,28,1,0.7822897922763541,None,2
317,1007,0,29,0,0.782104941059041,None,2
318,1009,0,27,0,0.7822897922763541,None,2
319,1009,0,27,0,0.7830295325184284,None,2
320,1011,0,25,0,0.7830295325184284,None,2
321,1012,0,23,1,0.7837690834756635,None,2
322,1012,0,24,0,0.7839539694811627,None,2
323,1012,0,24,0,0.7841388206984755,None,2
324,1014,0,22,0,0.7841388206984755,None,2
325,1015,0,19,2,0.7848782573783739,None,2
326,1015,1,19,1,0.784878263408673,None,2
327,1004,8,18,6,0.784878263408673,None,2
328,1003,0,26,7,0.7785915344976455,None,2
329,999,3,32,2,0.779515058132863,None,2
330,1006,0,30,0,0.7784001758296838,None,2
331,1009,1,26,0,0.7819198035630134,None,2
332,1011,0,24,1,0.7828446813011156,None,2
333,1011,0,25,0,0.7835842322583506,None,2
334,1013,0,23,0,0.7837690834756635,None,2
335,1015,0,21,0,0.7845085435403111,None,2
336,1015,0,21,0,0.7852479658432987,None,2
337,1016,0,19,1,0.7852479658432987,None,2
338,1015,1,19,1,0.785432820055059,None,2
339,1015,0,19,1,0.784878263408673,None,2
340,1014,0,20,1,0.7850631176204331,None,2
341,1016,0,19,0,0.78469341219136,None,2
342,1014,1,19,1,0.7856176726557479,None,2
343,1015,0,20,0,0.7845085609740472,None,2
344,1014,0,20,1,0.785247968837746,None,2
345,1015,0,20,0,0.78469341219136,None,2
346,1018,0,17,0,0.785247968837746,None,2
347,1017,0,17,1,0.7863570783398192,None,2
348,1016,1,17,1,0.7858025244610434,None,2
349,1018,0,17,0,0.785247970221122,None,2
350,1018,0,16,1,0.7863570783398192,None,2
351,1018,1,16,0,0.7861722271225063,None,2
352,1017,0,16,2,0.7861722271225063,None,2
353,1019,0,16,0,0.7856176732437306,None,2
354,1019,0,15,1,0.7867267808525715,None,2
355,1015,0,15,5,0.7865419296352587,None,2
356,1019,0,16,0,0.7843237127511815,None,2
357,1019,0,13,3,0.7867267808525715,None,2
358,1021,1,12,0,0.7861722272006328,None,2
359,1021,0,13,0,0.7872813345353727,None,2
360,1021,0,13,0,0.7874661857526857,None,2
361,1021,0,13,0,0.7874661857526857,None,2
362,1021,0,13,0,0.7874661857526857,None,2
363,1010,7,13,4,0.7874661857526857,None,2
364,991,12,16,15,0.7813660524387822,None,2
365,994,2,37,1,0.771351161910847,None,2
366,996,0,38,0,0.7769122680697237,None,2
367,997,0,36,1,0.7782128670537422,None,2
368,998,0,35,1,0.7784001758296838,None,2
369,1000,0,34,0,0.7787718635603942,None,2
370,997,1,31,5,0.7796989466083786,None,2
371,1000,0,34,0,0.7774759197431194,None,2
372,1000,0,33,1,0.7796989466083786,None,2
373,1001,0,33,0,0.7795140953910658,None,2
374,1002,0,32,0,0.7800696117848016,None,2
375,1003,0,30,1,0.7804400466707745,None,2
376,1007,0,27,0,0.7806254448545767,None,2
377,1007,2,24,1,0.7822901276491769,None,2
378,1007,0,26,1,0.7817355739972381,None,2
379,1004,1,26,3,0.782105276431864,None,2
380,1008,0,26,0,0.7804409938245103,None,2
381,1008,1,24,1,0.7826599193649212,None,2
382,1007,0,25,2,0.7822902169302953,None,2
383,1009,0,25,0,0.7819204252145512,None,2
384,1008,1,24,1,0.783029678606412,None,2
385,1007,0,25,2,0.7822902169302953,None,2
386,1013,0,21,0,0.7819204252145512,None,2
387,1012,1,20,1,0.7845085609740472,None,2
388,1011,0,21,2,0.7837691500744965,None,2
389,1015,0,19,0,0.7833994362364338,None,2
390,1013,1,18,2,0.785247970221122,None,2
391,1012,2,19,1,0.7839540073221085,None,2
392,1001,6,20,7,0.7835842988571837,None,2
393,959,22,27,26,0.7776665459597341,None,2
394,910,48,55,19,0.7543673391947355,None,2
395,701,214,74,40,0.7250352898405058,None,2
396,640,256,117,15,0.5584717311656726,None,2
397,639,216,150,22,0.520192711317565,None,2
398,639,196,179,13,0.5259230990542647,None,2
399,643,149,208,26,0.5312837843563387,None,2
400,641,130,240,13,0.5400231454701256,None,2
401,672,64,272,16,0.5451989795548867,None,2
402,702,24,286,10,0.5746455241429049,None,2
403,723,1,293,5,0.6013376604152948,None,2
404,735,0,287,0,0.6192545859993236,None,2
405,745,0,276,1,0.6277595276339312,None,2
406,757,0,265,0,0.6338014285567475,None,2
407,768,0,251,3,0.6415331837822132,None,2
408,780,0,241,1,0.6479659037433866,None,2
409,794,0,228,0,0.6560293556031769,None,2
410,804,0,217,1,0.6652753054677526,None,2
411,816,0,205,1,0.6716107488776224,None,2
412,823,0,199,0,0.6794760032041838,None,2
413,833,0,186,3,0.6842632424580757,None,2
414,839,0,181,2,0.6902918266977348,None,2
415,851,0,171,0,0.6944258374963453,None,2
416,872,1,148,1,0.7026744712913214,None,2
417,893,0,128,1,0.7159297152177565,None,2
418,908,0,113,1,0.7292997188184179,None,2
419,914,3,104,1,0.7382561655296072,None,2
420,924,0,95,3,0.7411379259518719,None,2
421,935,1,85,0,0.7468269053423863,None,2
422,945,0,75,1,0.7530145170844431,None,2
423,954,0,67,0,0.7577909628863138,None,2
424,959,2,60,0,0.7619766217638733,None,2
425,963,3,49,6,0.7637155100692453,None,2
426,969,0,52,0,0.7640559875392791,None,2
427,975,0,45,1,0.7680963481398241,None,2
428,985,0,36,0,0.7702174466870855,None,2
429,991,0,29,1,0.7741505831275718,None,2
430,996,0,25,0,0.7761894158263136,None,2
431,1001,0,19,1,0.7782235469562767,None,2
432,1004,0,16,1,0.779887283535672,None,2
433,1004,0,17,0,0.7809963930377453,None,2
434,1006,0,15,0,0.7811812442550582,None,2
435,1005,0,14,2,0.7819206492259722,None,2
436,1005,0,16,0,0.7811812443331848,None,2
437,1005,0,16,0,0.7815509467678105,None,2
438,1005,0,16,0,0.7815509467678105,None,2
439,1007,0,14,0,0.7815509467678105,None,2
440,1007,0,14,0,0.782290351666643,None,2
441,1006,0,12,3,0.782290351666643,None,2
442,1006,0,15,0,0.7813660955740335,None,2
443,1006,1,13,1,0.7819206492259722,None,2
444,1007,0,14,0,0.7815509467913464,None,2
445,997,6,14,4,0.782290351666643,None,2
446,997,4,19,1,0.7767447720059598,None,2
447,995,0,22,4,0.7776690280925244,None,2
448,997,0,24,0,0.7771143828455342,None,2
449,1000,0,19,2,0.7785932841790888,None,2
450,1000,0,21,0,0.7793327268892861,None,2
451,1001,0,20,0,0.7797024293239119,None,2
452,1003,0,18,0,0.780072134752985,None,2
453,1003,0,17,1,0.7808115415935952,None,2
454,1003,1,17,0,0.7806266903762824,None,2
455,1001,3,15,2,0.7806266903762824,None,2
456,994,2,15,9,0.7791478786664205,None,2
457,980,6,25,8,0.7754507218897183,None,2
458,942,29,31,17,0.769706705496775,None,2
459,871,70,57,21,0.7482714933556139,None,2
460,687,219,86,25,0.6996484011889249,None,2
461,641,239,121,15,0.5546929052361812,None,2
462,638,205,154,16,0.526268109387387,None,2
463,642,178,169,21,0.5312590922548353,None,2
464,646,140,204,19,0.5382211448847974,None,2
465,666,104,223,12,0.5481216862980095,None,2
466,692,50,239,23,0.5685864934807539,None,2
467,725,6,264,7,0.5922973434554769,None,2
468,740,0,260,1,0.6241891652564769,None,2
469,751,0,250,0,0.636117907810426,None,2
470,762,0,238,1,0.6433132928484373,None,2
471,771,0,230,0,0.6501999516562962,None,2
472,782,0,219,0,0.6562119928770686,None,2
473,792,0,209,0,0.6633782562409722,None,2
474,807,0,194,0,0.6699273930824909,None,2
475,816,0,184,1,0.6797905322330021,None,2
476,824,0,177,0,0.6855309170031105,None,2
477,834,0,167,0,0.6909758984747825,None,2
478,840,0,160,1,0.6975264486350751,None,2
479,851,1,148,1,0.7012500971695803,None,2
480,863,0,138,0,0.7081659640906149,None,2
481,873,0,128,0,0.7161445041828545,None,2
482,882,0,119,0,0.7223320517567308,None,2
483,889,2,110,0,0.7277456401670551,None,2
484,897,1,101,2,0.7314633239940479,None,2
485,907,0,93,1,0.7357958820889827,None,2
486,919,0,82,0,0.741548604437139,None,2
487,925,3,72,1,0.7477582595548639,None,2
488,930,0,64,6,0.7498423605418594,None,2
489,938,0,62,0,0.751800565517508,None,2
490,949,0,51,0,0.7563214613767296,None,2
491,958,0,42,0,0.7607212148236302,None,2
492,965,0,35,0,0.7641480252613626,None,2
493,966,1,31,2,0.7667581172940585,None,2
494,971,0,28,1,0.7665745101791631,None,2
495,968,4,20,8,0.7687956534125128,None,2
496,968,4,24,4,0.7656519492857429,None,2
497,969,0,27,4,0.7663913541549945,None,2
498,970,0,29,1,0.7675010084253612,None,2
499,971,0,29,0,0.7684256646991721,None,2
500,971,0,29,0,0.7689805046298256,None,2
501,971,0,28,1,0.7689805046298256,None,2
502,972,0,28,0,0.7687956534125128,None,2
503,973,0,26,1,0.7693504068288969,None,2
504,976,0,22,2,0.7695353936545872,None,2
505,977,0,22,1,0.7704598306173215,None,2
506,977,0,23,0,0.7710144046764699,None,2
507,978,0,22,0,0.7711992558937828,None,2
508,981,0,19,0,0.7715689697318455,None,2
509,982,0,16,2,0.7726780874438453,None,2
510,983,0,16,1,0.7726780880318279,None,2
511,980,1,17,2,0.7732326419106037,None,2
512,978,0,19,3,0.7717538299739046,None,2
513,976,1,21,2,0.7710144160799068,None,2
514,978,0,22,0,0.7702749794000086,None,2
515,979,0,21,0,0.7715689697318455,None,2
516,979,0,21,0,0.7719386781967702,None,2
517,980,0,20,0,0.7719386781967702,None,2
518,976,1,18,5,0.7723083836258434,None,2
519,977,0,23,0,0.7697204257480699,None,2
520,978,0,22,0,0.7711992558937828,None,2
521,980,0,20,0,0.7715689697318455,None,2
522,980,0,20,0,0.7723083836258434,None,2
523,980,0,20,0,0.7723083836258434,None,2
524,982,0,18,0,0.7723083836258434,None,2
525,984,0,15,1,0.7730477904664537,None,2
526,985,0,15,0,0.7736023444233561,None,2
527,987,0,13,0,0.7741568980988307,None,2
528,987,0,12,1,0.7748963029754089,None,2
529,989,0,11,0,0.774711451758096,None,2
530,990,0,10,0,0.7756357078449028,None,2
531,989,1,10,0,0.776005410279531,None,2
532,990,0,10,0,0.77545085662759,None,2
533,990,1,9,0,0.776005410279531,None,2
534,989,0,8,3,0.7758205590622181,None,2
535,988,0,11,1,0.7750811541929641,None,2
536,988,0,12,0,0.7750811541929369,None,2
537,988,0,11,1,0.7752660054102498,None,2
538,989,0,10,1,0.7750811541929369,None,2
539,990,0,10,0,0.77545085662759,None,2
540,992,0,8,0,0.776005410279531,None,2
541,993,0,7,0,0.7767448151487826,None,2
542,993,0,7,0,0.7771145175834084,None,2
543,994,0,6,0,0.7771145175834084,None,2
544,996,0,4,0,0.7774842200180343,None,2
545,994,0,4,2,0.7782236248872858,None,2
546,994,0,6,0,0.7771145175834084,None,2
547,995,0,5,0,0.7774842200180343,None,2
548,994,0,5,1,0.7778539224526599,None,2
549,994,0,6,0,0.7772993688007213,None,2
550,994,0,6,0,0.7774842200180343,None,2
551,995,0,5,0,0.7774842200180343,None,2
552,994,1,5,0,0.7778539224526599,None,2
553,994,0,6,0,0.7772993688007213,None,2
554,996,0,4,0,0.7774842200180343,None,2
555,996,0,3,1,0.7782236248872858,None,2
556,996,0,4,0,0.7780387736699729,None,2
557,996,0,4,0,0.7782236248872858,None,2
558,995,0,4,1,0.7782236248872858,None,2
559,995,0,5,0,0.7776690712353471,None,2
560,995,0,5,0,0.7778539224526599,None,2
561,995,0,5,0,0.7778539224526599,None,2
562,995,0,5,0,0.7778539224526599,None,2
563,993,3,4,0,0.7778539224526599,None,2
564,992,0,5,3,0.7765599639314698,None,2
565,992,0,8,0,0.7761902614968439,None,2
566,993,0,7,0,0.7767448151487826,None,2
567,993,0,7,0,0.7771145175834084,None,2
568,992,0,7,1,0.7771145175834084,None,2
569,992,0,8,0,0.7765599639314698,None,2
570,992,0,8,0,0.7767448151487826,None,2
571,991,1,8,0,0.7767448151487826,None,2
572,989,0,9,2,0.7761902614968439,None,2
573,989,0,11,0,0.775266005410277,None,2
574,991,0,9,0,0.7756357078449028,None,2
575,987,0,9,4,0.7763751127141568,None,2
576,987,0,13,0,0.7741568981061573,None,2
577,987,1,12,0,0.7748963029754089,None,2
578,988,0,11,1,0.774711451758096,None,2
579,986,0,12,2,0.7750811541929369,None,2
580,986,0,14,0,0.7741568981048756,None,2
581,987,0,13,0,0.7745266005395014,None,2
582,984,2,13,1,0.7748963029754089,None,2
583,985,0,14,1,0.7732326419887302,None,2
584,984,0,15,1,0.7739720468815178,None,2
585,983,1,14,2,0.7736023444233561,None,2
586,981,0,16,3,0.7728629394759778,None,2
587,981,0,19,0,0.7721235337919066,None,2
588,983,0,17,0,0.7726780874438453,None,2
589,983,0,17,0,0.7734174931279166,None,2
590,984,0,16,0,0.7734174931279166,None,2
591,985,0,15,0,0.7737871956406689,None,2
592,985,0,15,0,0.7741568980988307,None,2
593,986,0,14,0,0.7741568980988307,None,2
594,986,0,13,1,0.7745266005395014,None,2
595,984,1,10,5,0.7743417493221886,None,2
596,983,2,15,0,0.7726780883367915,None,2
597,982,0,15,3,0.7730477906932908,None,2
598,979,0,17,4,0.7724932368145151,None,2
599,978,2,20,0,0.7711992733275188,None,2
600,979,0,21,0,0.7711992672972198,None,2
601,977,3,19,1,0.7719386781967702,None,2
602,937,29,20,14,0.7704598510245311,None,2
603,808,114,40,38,0.7479572069139122,None,2
604,664,235,83,14,0.6526402611312965,None,2
605,636,220,109,29,0.5448162717254041,None,2
606,640,197,143,13,0.5288291489312564,None,2
607,644,156,166,27,0.5385718157360505,None,2
608,651,127,198,15,0.5458951982489751,None,2
609,677,61,235,18,0.5580150276192364,None,2
610,703,24,258,6,0.585172745230704,None,2
611,722,2,264,3,0.6101337051686953,None,2
612,737,0,254,0,0.6266235897246516,None,2
613,745,0,246,0,0.6370596819219256,None,2
614,753,0,238,0,0.6421809338294535,None,2
615,766,0,225,0,0.647333483319991,None,2
616,774,0,216,1,0.6557668090057416,None,2
617,791,0,199,1,0.6608038838570732,None,2
618,804,0,187,0,0.6719596914543862,None,2
619,810,0,181,0,0.6807023109685287,None,2
620,829,0,162,0,0.6846502278645031,None,2
621,837,0,154,0,0.697087958847406,None,2
622,848,0,141,2,0.7022680501503732,None,2
623,859,0,131,1,0.7089284446962111,None,2
624,863,1,127,0,0.7159947127235299,None,2
625,870,1,118,2,0.71845017619316,None,2
626,874,0,115,2,0.7223054860422493,None,2
627,884,0,106,1,0.724858572232967,None,2
628,897,0,94,0,0.7307951261895905,None,2
629,904,0,87,0,0.7380364313081939,None,2
630,893,6,81,11,0.7416113034478442,None,2
631,894,6,86,5,0.7327782128266064,None,2
632,916,0,75,0,0.7344210715495534,None,2
633,927,2,62,0,0.7473429929368455,None,2
634,934,1,56,0,0.7517901652382032,None,2
635,936,0,50,5,0.754845701801576,None,2
636,941,0,49,1,0.754902924114989,None,2
637,946,0,45,0,0.7575957968935692,None,2
638,950,0,40,1,0.7596903046488274,None,2
639,956,0,35,0,0.7610107125826906,None,2
640,961,0,29,1,0.7634307953824264,None,2
641,962,0,29,0,0.76509834278754,None,2
642,963,0,27,1,0.7656531827181935,None,2
643,960,3,24,4,0.7658382336999517,None,2
644,960,0,28,2,0.7636191328617904,None,2
645,962,0,28,0,0.7645437891356013,None,2
646,963,0,27,0,0.7656533824826389,None,2
647,964,1,25,0,0.7660232205256422,None,2
648,966,0,24,0,0.7662081610240736,None,2
649,962,4,24,0,0.7671325087056893,None,2
650,967,0,23,0,0.7649139776133873,None,2
651,968,0,22,0,0.7675022315475248,None,2
652,971,0,19,0,0.7678719453855877,None,2
653,966,1,19,4,0.7689810630975873,None,2
654,967,1,20,2,0.7662082526191248,None,2
655,964,3,22,1,0.7669476778955862,None,2
656,967,1,21,1,0.7656536073721348,None,2
657,965,0,23,2,0.7671325291128992,None,2
658,965,0,25,0,0.7663930690482514,None,2
659,966,0,24,0,0.7667627714828772,None,2
660,967,0,22,1,0.7671325087056893,None,2
661,969,0,21,0,0.767317380330212,None,2
662,970,0,20,0,0.7682416538505125,None,2
663,972,0,18,0,0.7686113592795856,None,2
664,975,0,15,0,0.7693507661201958,None,2
665,977,0,12,1,0.7704598737525727,None,2
666,977,0,13,0,0.7710144274118381,None,2
667,979,0,11,0,0.7711992786291509,None,2
668,981,0,9,0,0.7719386834986448,None,2
669,980,0,9,1,0.772678088367899,None,2
670,980,0,10,0,0.7721235347159602,None,2
671,982,0,8,0,0.7723083859332731,None,2
672,982,0,8,0,0.7730477908025248,None,2
673,983,0,7,0,0.7730477908025248,None,2
674,980,0,7,3,0.7734174932371506,None,2
675,980,0,10,0,0.7717538322813343,None,2
676,980,0,10,0,0.7723083859332731,None,2
677,981,0,9,0,0.7723083859332731,None,2
678,974,3,9,4,0.772678088367899,None,2
679,973,1,13,3,0.7687962127732207,None,2
680,972,0,17,1,0.7689810639124071,None,2
681,972,0,18,0,0.7691659149028829,None,2
682,974,0,16,0,0.7693507661201958,None,2
683,975,1,14,0,0.770090171294411,None,2
684,975,0,14,1,0.7702750225352599,None,2
685,976,0,14,0,0.7702750225352599,None,2
686,974,1,13,2,0.7708295761932435,None,2
687,975,0,14,1,0.7695356176424724,None,2
688,974,0,15,1,0.7702750225352599,None,2
689,974,0,16,0,0.7699053200770981,None,2
690,974,0,16,0,0.770090171294411,None,2
691,976,0,14,0,0.770090171294411,None,2
692,974,0,14,2,0.7708295761932435,None,2
693,973,1,14,2,0.7697204688597853,None,2
694,963,2,16,9,0.76916591512972,None,2
695,963,0,26,0,0.7639898571352004,None,2
696,962,0,26,1,0.7660233098067606,None,2
697,962,0,27,0,0.7654686668737036,None,2
698,962,0,27,0,0.7656535180910164,None,2
699,964,0,25,0,0.7656535180910164,None,2
700,963,0,25,1,0.7663930690482514,None,2
701,964,0,25,0,0.7658384585894478,None,2
702,967,0,22,0,0.7663930690482514,None,2
703,970,0,19,0,0.7675022429509618,None,2
704,962,5,17,5,0.7686113606629615,None,2
705,960,1,23,3,0.7638050059178875,None,2
706,961,2,24,0,0.7641747083525132,None,2
707,960,0,25,2,0.7649142025028832,None,2
708,961,0,24,2,0.7645444107871391,None,2
709,964,0,23,0,0.7649142025028832,None,2
710,957,2,23,5,0.7663931242436475,None,2
711,960,0,23,3,0.7625104257451595,None,2
712,961,0,24,1,0.7643596488509447,None,2
713,961,1,24,0,0.7650991105270611,None,2
714,959,1,25,1,0.7650991105270611,None,2
715,959,0,27,0,0.7641747083525132,None,2
716,961,0,25,0,0.7645444107871391,None,2
717,961,0,25,0,0.7652839617443741,None,2
718,962,0,24,0,0.7652839617443741,None,2
719,964,0,22,0,0.7656536989671862,None,2
720,962,1,22,1,0.7663931356470846,None,2
721,962,1,22,1,0.7652839965325603,None,2
722,964,0,22,0,0.7652839965325603,None,2
723,966,0,20,0,0.7663931356470846,None,2
724,968,0,18,0,0.7671325495410823,None,2
725,971,0,15,0,0.7678719563816927,None,2
726,972,0,14,0,0.7689810640140695,None,2
727,973,0,13,0,0.7693507664547404,None,2
728,974,0,12,0,0.7697204688906478,None,2
729,973,0,12,1,0.7700901713254888,None,2
730,973,0,13,0,0.769535617673335,None,2
731,975,0,11,0,0.7697204688906478,None,2
732,975,1,9,1,0.7704598737601416,None,2
733,977,0,9,0,0.7700901713255159,None,2
734,977,0,8,1,0.7711992786293959,None,2
735,977,0,9,0,0.7710144274120828,None,2
736,978,0,8,0,0.7711992786293959,None,2
737,981,0,5,0,0.7715689810640216,None,2
738,980,0,5,1,0.772678088367899,None,2
739,979,0,6,1,0.7721235347159603,None,2
740,980,0,6,0,0.7717538322813345,None,2
741,980,0,6,0,0.7723083859332731,None,2
742,980,0,6,0,0.7723083859332731,None,2
743,979,0,6,1,0.7723083859332731,None,2
744,975,1,7,3,0.7717538322813345,None,2
745,977,0,9,0,0.7697204688908902,None,2
746,977,0,9,0,0.7711992786293959,None,2
747,976,0,9,1,0.7711992786293959,None,2
748,976,0,9,0,0.770644724977457,None,2
749,976,0,9,0,0.77082957619477,None,2
750,974,0,9,2,0.77082957619477,None,2
751,974,0,11,0,0.7697204688908902,None,2
752,975,0,10,0,0.7700901713255159,None,2
753,969,3,8,5,0.7704598737601441,None,2
754,955,8,14,7,0.7667628493827789,None,2
755,959,0,22,3,0.7602924974161195,None,2
756,959,0,25,0,0.7639900032231839,None,2
757,960,0,24,0,0.7645445568751226,None,2
758,963,0,21,0,0.7649142940979345,None,2
759,964,0,20,0,0.7660234392427576,None,2
760,964,0,20,0,0.7663931446718307,None,2
761,965,0,19,0,0.7663931446718307,None,2
762,966,0,18,0,0.7667628484898327,None,2
763,969,0,15,0,0.7671325515124411,None,2
764,969,0,14,1,0.768241659144818,None,2
765,967,2,14,1,0.7680568079275051,None,2
766,968,0,16,0,0.7669477005219653,None,2
767,949,13,16,6,0.7678719566866563,None,2
768,935,11,25,12,0.757330705211101,None,2
769,942,0,40,1,0.751339808727513,None,2
770,943,0,37,3,0.7580530931056843,None,2
771,946,0,37,0,0.7580574439038085,None,2
772,949,0,34,0,0.7597302028810815,None,2
773,952,0,31,0,0.7608441224424634,None,2
774,954,0,29,0,0.7619554719059743,None,2
775,957,0,26,0,0.7626955632411871,None,2
776,957,0,26,0,0.763805095199006,None,2
777,957,0,26,0,0.763805095199006,None,2
778,957,0,25,1,0.763805095199006,None,2
779,943,6,25,9,0.763620243981693,None,2
780,902,28,30,22,0.7558392292960536,None,2
781,871,36,56,18,0.7324466599385081,None,2
782,851,35,79,15,0.7156025714297611,None,2
783,822,41,100,17,0.7047145069158031,None,2
784,795,38,129,18,0.6848957468208513,None,2
785,751,59,149,20,0.6676003489237599,None,2
786,747,37,174,20,0.634774854611125,None,2
787,751,19,199,8,0.6365231439842026,None,2
788,773,0,200,4,0.6449488499197701,None,2
789,779,0,197,1,0.663598991904959,None,2
790,784,0,193,0,0.6680998187605963,None,2
791,789,0,188,0,0.6715760679981323,None,2
792,792,0,185,0,0.6748681495087946,None,2
793,801,0,176,0,0.6768429097894045,None,2
794,813,0,164,0,0.6827596104666683,None,2
795,819,0,158,0,0.6906103727752262,None,2
796,827,0,150,0,0.6945080101211218,None,2
797,831,0,145,1,0.6996628080942218,None,2
798,839,0,137,0,0.7020328735985215,None,2
799,850,0,126,0,0.7075277234809818,None,2
800,859,0,117,0,0.7143064319909658,None,2
801,871,0,105,0,0.7196827381482059,None,2
802,880,0,96,0,0.7265529127569897,None,2
803,890,0,86,0,0.731439463795914,None,2
804,895,0,81,0,0.7365627587435956,None,2
805,898,0,78,0,0.7389951211391687,None,2
806,903,1,70,2,0.7404121638950945,None,2
807,910,0,66,0,0.7421489528041832,None,2
808,920,0,56,0,0.7457679228939764,None,2
809,928,0,48,0,0.7498845196593928,None,2
810,941,0,35,0,0.753003469683329,None,2
811,942,0,32,2,0.7578852588630396,None,2
812,956,0,20,0,0.7578865029654571,None,2
813,958,1,14,3,0.7634355251948244,None,2
814,962,0,14,0,0.7634355271661831,None,2
815,965,0,11,0,0.7656537421084826,None,2
816,969,0,7,0,0.7667628494138838,None,2
817,969,0,7,0,0.7682416591523895,None,2
818,971,0,5,0,0.7682416591523895,None,2
819,970,1,4,1,0.768981064021641,None,2
820,969,0,5,2,0.7682416591523895,None,2
821,969,0,7,0,0.7678719567177638,None,2
822,969,0,7,0,0.7682416591523895,None,2
823,970,0,6,0,0.7682416591523895,None,2
824,969,0,6,1,0.7686113615870153,None,2
825,971,0,5,0,0.7680568079350766,None,2
826,969,0,5,2,0.768981064021641,None,2
827,969,0,7,0,0.7678719567177638,None,2
828,968,0,7,1,0.7682416591523895,None,2
829,969,0,7,0,0.7676871055004508,None,2
830,972,0,4,0,0.7682416591523895,None,2
831,972,0,4,0,0.7693507664562669,None,2
832,972,0,4,0,0.7693507664562669,None,2
833,972,0,4,0,0.7693507664562669,None,2
834,963,4,4,5,0.7693507664562669,None,2
835,957,3,11,5,0.7643597835885739,None,2
836,959,0,14,1,0.7623264192743231,None,2
837,959,0,15,0,0.7643597835812472,None,2
838,959,0,15,0,0.7645446347985602,None,2
839,959,0,15,0,0.7645446347985602,None,2
840,959,0,15,0,0.7645446347985602,None,2
841,956,1,14,3,0.7645446347985602,None,2
842,953,0,17,4,0.7626961222969317,None,2
843,955,1,18,0,0.7615870100272483,None,2
844,951,0,19,4,0.7628809729262618,None,2
845,951,0,22,1,0.7608475877242606,None,2
846,953,0,21,0,0.7614021413761994,None,2
847,953,0,20,1,0.7623264148964998,None,2
848,953,0,21,0,0.7621415636791868,None,2
849,953,0,21,0,0.7623264148964998,None,2
850,955,0,19,0,0.7623264148964998,None,2
851,954,0,19,1,0.7630658241435747,None,2
852,954,0,20,0,0.76251126910826,None,2
853,956,0,18,0,0.7626961203255729,None,2
854,955,0,18,1,0.7634355271661831,None,2
855,959,0,15,0,0.7628809729262618,None,2
856,958,0,15,1,0.7645446347985602,None,2
857,961,0,13,0,0.7639900811230855,None,2
858,962,0,12,0,0.7652840396751384,None,2
859,961,1,11,1,0.7656537421099793,None,2
860,963,0,10,1,0.7649143372405125,None,2
861,965,0,9,0,0.7658385933273194,None,2
862,965,0,8,1,0.7667628494138864,None,2
863,964,0,9,1,0.7665779981965734,None,2
864,964,0,10,0,0.7662082957619476,None,2
865,965,0,9,0,0.7663931469792604,None,2
866,966,0,8,0,0.7667628494138864,None,2
867,966,0,6,2,0.7671325518485121,None,2
868,967,0,7,0,0.7667628494138864,None,2
869,960,4,7,3,0.7675022542831379,None,2
870,952,5,11,6,0.7636203787180408,None,2
871,940,9,16,8,0.7599233430411332,None,2
872,938,1,26,8,0.7543752925783094,None,2
873,938,0,34,1,0.7551124906033462,None,2
874,940,0,33,0,0.7565913003418493,None,2
875,939,3,31,0,0.7575177632726285,None,2
876,937,0,32,4,0.7565925444442667,None,2
877,938,0,35,0,0.7556654613962823,None,2
878,939,0,34,0,0.7567761515591622,None,2
879,941,0,32,0,0.7571470980962054,None,2
880,944,0,29,0,0.7578881981586013,None,2
881,946,0,27,0,0.7589985388949293,None,2
882,941,2,26,4,0.7597382791370039,None,2
883,943,0,29,1,0.756779090854724,None,2
884,943,0,30,0,0.7584436989642758,None,2
885,945,0,28,0,0.7586285501815887,None,2
886,947,0,26,0,0.7593684410940005,None,2
887,948,0,25,0,0.760108070852748,None,2
888,951,0,22,0,0.7604778300942389,None,2
889,952,0,21,0,0.7615870039969492,None,2
890,952,0,21,0,0.761956712461874,None,2
891,953,0,19,1,0.761956712461874,None,2
892,952,2,19,0,0.7621415666736342,None,2
893,954,0,19,0,0.7615870100272483,None,2
894,953,0,17,3,0.7626961217089488,None,2
895,953,1,17,2,0.7617718642390083,None,2
896,948,5,18,2,0.7617718642390083,None,2
897,948,1,22,2,0.7591838715730486,None,2
898,954,0,19,0,0.7599232764423002,None,2
899,955,0,17,1,0.7626961217089488,None,2
900,956,0,17,0,0.7628809735142446,None,2
901,957,0,15,1,0.7634355273930203,None,2
902,954,0,16,3,0.7636203786884597,None,2
903,955,0,18,0,0.7621415680570103,None,2
904,955,1,16,1,0.7630658247315574,None,2
905,957,0,15,1,0.7626961222969316,None,2
906,958,0,15,0,0.7636203786884597,None,2
907,958,0,15,0,0.7641749323639343,None,2
908,958,0,15,0,0.7641749323639343,None,2
909,957,0,15,1,0.7641749323639343,None,2
910,957,1,13,2,0.7636203786884597,None,2
911,959,0,14,0,0.7632506762538339,None,2
912,960,0,11,2,0.7645446348046051,None,2
913,961,0,12,0,0.7645446348058867,None,2
914,961,0,11,1,0.7652840396753536,None,2
915,960,0,11,2,0.7650991884580407,None,2
916,961,0,12,0,0.7645446348058867,None,2
917,961,0,12,0,0.7652840396753536,None,2
918,961,0,12,0,0.7652840396753536,None,2
919,960,0,11,2,0.7652840396753536,None,2
920,959,0,13,1,0.7645446348058867,None,2
921,960,0,13,0,0.7643597835872923,None,2
922,961,0,12,0,0.7649143372405125,None,2
923,961,0,12,0,0.7652840396753536,None,2
924,960,1,11,1,0.7652840396753536,None,2
925,960,2,11,0,0.7645446348058867,None,2
926,952,7,11,3,0.7645446348058867,None,2
927,923,21,17,12,0.760108200288745,None,2
928,891,32,34,16,0.7450259141162924,None,2
929,848,44,61,19,0.7285337329543229,None,2
930,735,127,89,19,0.7023912785466087,None,2
931,664,165,115,25,0.6145212650540072,None,2
932,649,150,152,18,0.5619812400667364,None,2
933,660,110,182,15,0.5569733682602,None,2
934,678,66,208,14,0.5720396612457224,None,2
935,699,22,230,14,0.5916485834374059,None,2
936,715,1,248,1,0.6131735335997758,None,2
937,719,0,246,0,0.6296343027672832,None,2
938,729,0,236,0,0.632568670529183,None,2
939,735,1,229,0,0.6390139829939951,None,2
940,742,0,223,0,0.6427178540132272,None,2
941,754,0,211,0,0.6474579416453425,None,2
942,767,0,198,0,0.6553061050769848,None,2
943,776,0,189,0,0.6638482407623997,None,2
944,785,0,180,0,0.6697733415760035,None,2
945,799,0,166,0,0.6756954404544818,None,2
946,808,0,157,0,0.6848699410594915,None,2
947,812,0,153,0,0.6907188007559787,None,2
948,826,0,139,0,0.6932997895006937,None,2
949,834,0,130,1,0.7022080228581234,None,2
950,840,0,125,0,0.7069989056872701,None,2
951,847,0,117,1,0.7108453260292761,None,2
952,849,3,113,0,0.7148424682468354,None,2
953,867,0,97,1,0.7156478287214271,None,2
954,878,0,86,1,0.7261235690033421,None,2
955,887,0,76,2,0.7318141889302607,None,2
956,895,0,70,0,0.7359757346795851,None,2
957,903,0,62,0,0.7399700876094827,None,2
958,913,0,52,0,0.743381876164827,None,2
959,926,0,39,0,0.7473930118007799,None,2
960,938,1,26,0,0.752330691069363,None,2
961,939,2,22,2,0.7565958084426846,None,2
962,941,0,22,2,0.7564110465064902,None,2
963,950,0,15,0,0.7575202454054187,None,2
964,951,0,13,1,0.761217312886928,None,2
965,954,0,10,1,0.7614021641102859,None,2
966,954,0,10,1,0.7625112714156872,None,2
967,954,0,11,0,0.7625112714156872,None,2
968,955,0,10,0,0.7626961226330001,None,2
969,953,1,10,1,0.7630658250676283,None,2
970,952,0,12,1,0.7619567177637214,None,2
971,951,1,13,0,0.7617718665461934,None,2
972,952,0,13,0,0.7614021641102859,None,2
973,952,0,13,0,0.7619567177635063,None,2
974,952,1,12,0,0.7619567177635063,None,2
975,953,0,12,0,0.7617718665461934,None,2
976,953,2,10,0,0.7623264201983473,None,2
977,952,1,10,2,0.7619567177637214,None,2
978,951,1,13,0,0.7614021641115676,None,2
979,951,0,13,1,0.7614021641102859,None,2
980,953,0,12,0,0.7614021641102859,None,2
981,953,0,11,1,0.7623264201983473,None,2
982,953,0,12,0,0.7621415689810344,None,2
983,953,0,12,0,0.7623264201983473,None,2
984,953,0,12,0,0.7623264201983473,None,2
985,953,0,12,0,0.7623264201983473,None,2
986,953,0,11,1,0.7623264201983473,None,2
987,954,0,11,0,0.7621415689810344,None,2
988,953,0,11,1,0.7626961226330001,None,2
989,952,2,10,1,0.7621415689810344,None,2
990,952,0,12,1,0.7614021641115676,None,2
991,953,0,12,0,0.7617718665461934,None,2
992,953,0,12,0,0.7623264201983473,None,2
993,953,0,12,0,0.7623264201983473,None,2
994,955,0,10,0,0.7623264201983473,None,2
995,954,0,10,1,0.7630658250676283,None,2
996,955,0,10,0,0.7625112714156872,None,2
997,956,0,9,0,0.7630658250676283,None,2
998,956,0,9,0,0.7634355275022543,None,2
999,951,2,9,3,0.7634355275022543,None,2
1000,950,1,12,1,0.7606627592410344,None,2
1001,950,0,14,0,0.7608476104583473,None,2
1002,951,0,13,0,0.7612173128929731,None,2
1003,951,0,13,0,0.7615870153288805,None,2
1004,926,18,13,7,0.7615870153288805,None,2
1005,923,2,26,12,0.7477124161971146,None,2
1006,925,0,37,0,0.7486300318208507,None,2
1007,926,0,36,0,0.75196645175394,None,2
1008,925,0,36,1,0.7523381394846502,None,2
1009,926,0,36,0,0.751781600536627,None,2
1010,929,0,33,0,0.7523381394846502,None,2
1011,932,0,29,1,0.7534510364917448,None,2
1012,934,0,28,0,0.7543769721833922,None,2
1013,935,0,27,0,0.7553017143131168,None,2
1014,937,0,25,0,0.7556715523561202,None,2
1015,938,0,24,0,0.7564111033133553,None,2
1016,939,0,22,1,0.7567808405361672,None,2
1017,940,0,22,0,0.7569657121606899,None,2
1018,941,0,21,0,0.7575202772160655,None,2
1019,942,0,20,0,0.7578899856809903,None,2
1020,940,0,19,3,0.7582596911100633,None,2
1021,942,0,20,0,0.7569657235641268,None,2
1022,942,0,20,0,0.7582596911100633,None,2
1023,943,0,19,0,0.7582596911100633,None,2
1024,944,0,18,0,0.7586293949280652,None,2
1025,945,0,16,1,0.7589990979506738,None,2
1026,949,0,13,0,0.7591839493948237,None,2
1027,951,0,11,0,0.7608476104596289,None,2
1028,953,0,9,0,0.7615870153291228,None,2
1029,954,0,8,0,0.7623264201983769,None,2
1030,954,0,8,0,0.7626961226330026,None,2
1031,955,0,7,0,0.7626961226330026,None,2
1032,956,0,6,0,0.7630658250676284,None,2
1033,957,0,5,0,0.7634355275022543,None,2
1034,955,0,4,3,0.76380522993688,None,2
1035,955,0,7,0,0.7625112714156898,None,2
1036,956,0,6,0,0.7630658250676284,None,2
1037,957,0,5,0,0.7634355275022543,None,2
1038,958,0,3,1,0.76380522993688,None,2
1039,956,0,4,2,0.763990081154193,None,2
1040,956,0,6,0,0.7630658250676284,None,2
1041,954,1,6,1,0.7634355275022543,None,2
1042,955,0,6,1,0.7623264201983769,None,2
1043,955,0,6,1,0.7628809738503155,None,2
1044,955,0,7,0,0.7628809738503155,None,2
1045,955,0,7,0,0.7630658250676284,None,2
1046,956,0,6,0,0.7630658250676284,None,2
1047,956,0,6,0,0.7634355275022543,None,2
1048,956,0,6,0,0.7634355275022543,None,2
1049,956,0,6,0,0.7634355275022543,None,2
1050,957,0,5,0,0.7634355275022543,None,2
1051,957,0,5,0,0.76380522993688,None,2
1052,959,0,3,0,0.76380522993688,None,2
1053,959,0,3,0,0.7645446348061316,None,2
1054,959,0,3,0,0.7645446348061316,None,2
1055,959,0,3,0,0.7645446348061316,None,2
1056,959,0,3,0,0.7645446348061316,None,2
1057,954,5,3,0,0.7645446348061316,None,2
1058,951,2,8,1,0.7617718665464381,None,2
1059,951,1,9,1,0.7610324616771841,None,2
1060,943,6,10,3,0.761217312894497,None,2
1061,928,10,15,9,0.7569657339722491,None,2
1062,922,4,28,6,0.7495681981863769,None,2
1063,914,4,36,5,0.749006374718305,None,2
1064,916,0,42,1,0.746196165784986,None,2
1065,916,0,42,1,0.748429610964048,None,2
1066,916,0,42,1,0.748429610964048,None,2
1067,916,0,41,2,0.748429610964048,None,2
1068,916,1,41,1,0.7482447597467351,None,2
1069,916,0,41,2,0.7482447597467351,None,2
1070,916,0,43,0,0.7482447597467351,None,2
1071,919,0,40,0,0.748614462181361,None,2
1072,924,0,35,0,0.749739139124728,None,2
1073,925,0,34,0,0.7516003174744013,None,2
1074,927,0,32,0,0.7519712640114444,None,2
1075,926,0,29,4,0.7527123640738402,None,2
1076,929,0,29,1,0.751602524318616,None,2
1077,931,0,28,0,0.7532678648795147,None,2
1078,931,0,27,1,0.7541926070092394,None,2
1079,932,0,27,0,0.7540077557919266,None,2
1080,932,0,27,0,0.7545624450522428,None,2
1081,932,0,27,0,0.7545624450522428,None,2
1082,934,0,25,0,0.7545624450522428,None,2
1083,935,1,23,0,0.7553019960094778,None,2
1084,936,0,23,0,0.7554868820149769,None,2
1085,939,0,20,0,0.7560414560741254,None,2
1086,941,0,18,0,0.757150583806186,None,2
1087,944,0,15,0,0.7578899906467964,None,2
1088,946,0,12,1,0.7589990982791732,None,2
1089,947,0,12,0,0.7595536519384386,None,2
1090,947,0,12,0,0.7601082055905924,None,2
1091,946,0,12,1,0.7601082055905924,None,2
1092,950,0,8,1,0.7595536519384386,None,2
1093,952,0,7,0,0.7610324616771866,None,2
1094,953,0,6,0,0.7619567177637512,None,2
1095,951,2,6,0,0.7623264201983769,None,2
1096,943,3,6,7,0.7612173128944995,None,2
1097,944,0,15,0,0.7567808836478827,None,2
1098,945,0,12,2,0.7589990982791732,None,2
1099,943,0,14,2,0.7589990982852183,None,2
1100,937,5,16,1,0.7582596933863858,None,2
1101,934,0,20,4,0.7553020626083108,None,2
1102,936,0,22,0,0.7545626259284125,None,2
1103,935,0,22,1,0.7560414674775624,None,2
1104,935,1,22,0,0.7554869024221867,None,2
1105,934,0,22,2,0.7554869024221867,None,2
1106,934,0,24,0,0.7549323283630384,None,2
1107,934,0,24,0,0.755302030797664,None,2
1108,936,0,22,0,0.755302030797664,None,2
1109,939,0,19,0,0.7560414674775624,None,2
1110,938,0,19,1,0.7571505851895621,None,2
1111,939,0,19,0,0.7565960301542474,None,2
1112,940,0,18,0,0.7571505851895621,None,2
1113,940,0,18,0,0.7575202882121705,None,2
1114,942,0,15,1,0.7575202882121705,None,2
1115,941,1,15,1,0.758074842169073,None,2
1116,941,0,16,1,0.7575202884390076,None,2
1117,943,0,15,0,0.7577051396563206,None,2
1118,945,0,13,0,0.7586293958445475,None,2
1119,945,0,13,0,0.7593688007211258,None,2
1120,946,0,12,0,0.7593688007211258,None,2
1121,950,0,8,0,0.7597385031559667,None,2
1122,951,0,6,1,0.7612173128944995,None,2
1123,951,0,6,1,0.7614021641118124,None,2
1124,949,0,7,2,0.7614021641118124,None,2
1125,950,0,7,0,0.760477908025248,None,2
1126,951,0,6,0,0.7612173128944995,None,2
1127,951,0,6,0,0.7615870153291253,None,2
1128,951,0,6,0,0.7615870153291253,None,2
1129,951,0,6,0,0.7615870153291253,None,2
1130,951,0,6,0,0.7615870153291253,None,2
1131,951,0,6,0,0.7615870153291253,None,2
1132,951,0,6,0,0.7615870153291253,None,2
1133,951,0,6,0,0.7615870153291253,None,2
1134,952,0,5,0,0.7615870153291253,None,2
1135,952,0,5,0,0.7619567177637512,None,2
1136,953,0,4,0,0.7619567177637512,None,2
1137,953,0,4,0,0.7623264201983769,None,2
1138,954,0,3,0,0.7623264201983769,None,2
1139,951,1,1,4,0.7626961226330026,None,2
1140,950,0,5,2,0.7606627592425608,None,2
1141,950,0,7,0,0.7608476104598737,None,2
1142,950,0,7,0,0.7612173128944995,None,2
1143,950,0,7,0,0.7612173128944995,None,2
1144,950,0,7,0,0.7612173128944995,None,2
1145,945,1,7,4,0.7612173128944995,None,2
1146,945,0,12,0,0.7584445446347765,None,2
1147,946,0,11,0,0.7593688007213409,None,2
1148,946,0,11,0,0.7597385031559938,None,2
1149,942,0,11,4,0.7597385031559938,None,2
1150,941,1,15,0,0.7575202885406701,None,2
1151,943,0,14,0,0.7577051397344471,None,2
1152,945,0,12,0,0.7586293958505925,None,2
1153,945,0,11,1,0.7593688007213409,None,2
1154,941,2,11,3,0.759183949504028,None,2
1155,932,3,13,9,0.7569657348651956,None,2
1156,934,0,20,1,0.7523443765324714,None,2
1157,935,0,20,0,0.7551172174212969,None,2
1158,937,0,18,0,0.7556717740676828,None,2
1159,938,0,17,0,0.7564111809082933,None,2
1160,938,0,17,0,0.7567808835697561,None,2
1161,939,0,16,0,0.7567808835697561,None,2
1162,940,0,15,0,0.7571505860825085,None,2
1163,937,5,12,1,0.7575202885406701,None,2
1164,904,25,15,11,0.7553020736044158,None,2
1165,870,40,32,12,0.7374299614422056,None,2
1166,787,83,52,31,0.7198005436889597,None,2
1167,682,162,84,24,0.659360473070312,None,2
1168,644,164,120,23,0.5781173686043337,None,2
1169,644,144,153,10,0.5546636468183102,None,2
1170,648,99,180,22,0.5607637369896357,None,2
1171,678,43,211,16,0.5697839231068502,None,2
1172,701,7,234,5,0.6001146634645682,None,2
1173,713,0,232,0,0.623695812098164,None,2
1174,724,0,221,0,0.6342107227681757,None,2
1175,737,1,206,1,0.6413687213666165,None,2
1176,748,0,197,0,0.6495107071474854,None,2
1177,751,1,191,2,0.6571123285262285,None,2
1178,755,0,188,2,0.6585326422420194,None,2
1179,761,0,184,0,0.6613511769151202,None,2
1180,770,0,175,0,0.6656705026307531,None,2
1181,786,0,159,0,0.6715854251742872,None,2
1182,797,0,148,0,0.6820295830064994,None,2
1183,805,0,140,0,0.6891118818020899,None,2
1184,810,0,134,1,0.6941854058744605,None,2
1185,820,0,125,0,0.6971292586166262,None,2
1186,830,0,115,0,0.7034512773367603,None,2
1187,838,0,107,0,0.7093923378666637,None,2
1188,849,0,95,1,0.7139736654141172,None,2
1189,856,0,89,0,0.7197938371052015,None,2
1190,860,0,84,1,0.7236006139735912,None,2
1191,868,0,77,0,0.7254106349777752,None,2
1192,878,0,67,0,0.7294166691896987,None,2
1193,885,0,59,1,0.7338792367323133,None,2
1194,894,0,51,0,0.7366256700684705,None,2
1195,904,0,41,0,0.7403875809192119,None,2
1196,906,5,31,3,0.7441892518072172,None,2
1197,908,3,29,4,0.7434578326383441,None,2
1198,911,0,29,4,0.7443895371401958,None,2
1199,918,0,25,0,0.7460569877992291,None,2
1200,902,17,19,5,0.7493867570554652,None,2
1201,882,17,29,15,0.739383120157082,None,2
1202,890,0,49,4,0.7297459402090606,None,2
1203,892,0,51,0,0.7381295654850537,None,2
1204,895,0,48,0,0.7396481760499602,None,2
1205,896,0,46,1,0.740803289340678,None,2
1206,896,0,47,0,0.7410002601504161,None,2
1207,900,0,43,0,0.741185111367729,None,2
1208,901,1,41,0,0.7426992232273484,None,2
1209,898,0,41,4,0.7428901352703797,None,2
1210,900,0,43,0,0.7412051829175379,None,2
1211,901,0,40,2,0.7426992232273484,None,2
1212,903,0,40,0,0.7427052840530669,None,2
1213,903,0,39,1,0.7438239001707154,None,2
1214,911,0,32,0,0.7436390489534026,None,2
1215,912,0,31,0,0.7467971251198277,None,2
1216,912,0,31,0,0.7471673745209427,None,2
1217,912,0,31,0,0.7471673745209427,None,2
1218,912,0,30,1,0.7471673745209427,None,2
1219,913,0,30,0,0.7469825233036299,None,2
1220,917,0,26,0,0.747537477142815,None,2
1221,919,0,23,1,0.7490169978139744,None,2
1222,920,0,23,0,0.7495716430609644,None,2
1223,923,0,20,0,0.7501262171201127,None,2
1224,921,0,20,2,0.7512353448521735,None,2
1225,925,0,18,0,0.7501262285235497,None,2
1226,927,0,16,0,0.7519747516927837,None,2
1227,926,2,13,2,0.7527141568669989,None,2
1228,928,0,15,0,0.7516050494849951,None,2
1229,929,0,13,1,0.7530838593251606,None,2
1230,929,0,13,1,0.7532687105485186,None,2
1231,931,0,11,1,0.7532687105485186,None,2
1232,933,0,10,0,0.754008115419267,None,2
1233,933,0,10,0,0.7549323715058609,None,2
1234,934,0,9,0,0.7549323715058609,None,2
1235,933,1,9,0,0.7553020739404869,None,2
1236,933,0,10,0,0.7547475202885481,None,2
1237,935,0,8,0,0.7549323715058609,None,2
1238,931,2,7,3,0.7556717763751127,None,2
1239,932,0,9,2,0.7532687105500154,None,2
1240,931,2,9,1,0.7541929666366071,None,2
1241,931,0,12,0,0.7536384129846412,None,2
1242,932,0,11,0,0.7541929666365799,None,2
1243,934,0,9,0,0.7545626690712327,None,2
1244,934,2,7,0,0.7553020739404869,None,2
1245,934,0,9,0,0.7549323715058611,None,2
1246,934,0,9,0,0.7553020739404869,None,2
1247,935,0,8,0,0.7553020739404869,None,2
1248,936,0,7,0,0.7556717763751127,None,2
1249,936,0,7,0,0.7560414788097385,None,2
1250,936,0,7,0,0.7560414788097385,None,2
1251,938,0,5,0,0.7560414788097385,None,2
1252,937,0,5,1,0.7567808836789901,None,2
1253,937,0,6,0,0.7562263300270514,None,2
1254,937,0,5,1,0.7564111812443642,None,2
1255,937,0,6,0,0.7562263300270514,None,2
1256,938,0,5,0,0.7564111812443642,None,2
1257,938,0,5,0,0.7567808836789901,None,2
1258,938,0,5,0,0.7567808836789901,None,2
1259,940,0,3,0,0.7567808836789901,None,2
1260,941,0,2,0,0.7575202885482416,None,2
1261,941,0,2,0,0.7578899909828674,None,2
1262,942,0,1,0,0.7578899909828674,None,2
1263,942,0,1,0,0.7582596934174932,None,2
1264,942,0,1,0,0.7582596934174932,None,2
1265,942,0,1,0,0.7582596934174932,None,2
1266,942,0,1,0,0.7582596934174932,None,2
1267,941,0,1,1,0.7582596934174932,None,2
1268,941,0,2,0,0.7577051397655545,None,2
1269,941,0,2,0,0.7578899909828674,None,2
1270,941,0,2,0,0.7578899909828674,None,2
1271,941,0,2,0,0.7578899909828674,None,2
1272,941,0,2,0,0.7578899909828674,None,2
1273,942,0,1,0,0.7578899909828674,None,2
1274,941,0,1,1,0.7582596934174932,None,2
1275,936,1,2,4,0.7577051397655545,None,2
1276,935,0,7,1,0.7551172227231739,None,2
1277,935,0,8,0,0.7554869251577997,None,2
1278,935,0,8,0,0.7556717763751127,None,2
1279,936,0,6,1,0.7556717763751127,None,2
1280,936,0,7,0,0.7558566275924256,None,2
1281,936,1,6,0,0.7560414788097385,None,2
1282,934,1,6,2,0.7558566275924256,None,2
1283,932,1,8,2,0.7547475202885483,None,2
1284,932,0,11,0,0.754008115419294,None,2
1285,933,0,10,0,0.7545626690712327,None,2
1286,933,0,10,0,0.7549323715058609,None,2
1287,933,0,10,0,0.7549323715058609,None,2
1288,933,0,10,0,0.7549323715058609,None,2
1289,934,0,9,0,0.7549323715058609,None,2
1290,934,0,9,0,0.7553020739404869,None,2
1291,934,0,9,0,0.7553020739404869,None,2
1292,935,0,8,0,0.7553020739404869,None,2
1293,936,0,7,0,0.7556717763751127,None,2
1294,936,0,7,0,0.7560414788097385,None,2
1295,936,0,7,0,0.7560414788097385,None,2
1296,936,0,7,0,0.7560414788097385,None,2
1297,934,1,7,1,0.7560414788097385,None,2
1298,934,0,9,0,0.7549323715058611,None,2
1299,936,0,7,0,0.7553020739404869,None,2
1300,935,0,7,1,0.7560414788097385,None,2
1301,936,0,7,0,0.7554869251577997,None,2
1302,937,0,6,0,0.7560414788097385,None,2
1303,937,0,6,0,0.7564111812443642,None,2
1304,938,0,5,0,0.7564111812443642,None,2
1305,938,0,5,0,0.7567808836789901,None,2
1306,937,1,5,0,0.7567808836789901,None,2
1307,936,0,5,2,0.7562263300270514,None,2
1308,935,0,6,2,0.7556717763751127,None,2
1309,935,0,8,0,0.7553020739404869,None,2
1310,934,0,8,1,0.7556717763751127,None,2
1311,936,0,7,0,0.7551172227231739,None,2
1312,936,0,7,0,0.7560414788097385,None,2
1313,936,0,7,0,0.7560414788097385,None,2
1314,936,0,7,0,0.7560414788097385,None,2
1315,936,0,7,0,0.7560414788097385,None,2
1316,936,0,7,0,0.7560414788097385,None,2
1317,937,0,6,0,0.7560414788097385,None,2
1318,936,0,6,1,0.7564111812443642,None,2
1319,937,0,6,0,0.7558566275924256,None,2
1320,937,0,6,0,0.7564111812443642,None,2
1321,937,0,6,0,0.7564111812443642,None,2
1322,937,0,6,0,0.7564111812443642,None,2
1323,938,0,5,0,0.7564111812443642,None,2
1324,937,0,5,1,0.7567808836789901,None,2
1325,938,0,5,0,0.7562263300270514,None,2
1326,938,0,5,0,0.7567808836789901,None,2
1327,938,0,5,0,0.7567808836789901,None,2
1328,938,0,5,0,0.7567808836789901,None,2
1329,939,0,4,0,0.7567808836789901,None,2
1330,939,0,4,0,0.7571505861136159,None,2
1331,936,0,4,3,0.7571505861136159,None,2
1332,936,0,7,0,0.7554869251577998,None,2
1333,936,0,7,0,0.7560414788097385,None,2
1334,936,0,6,1,0.7560414788097385,None,2
1335,937,0,6,0,0.7558566275924256,None,2
1336,937,0,6,0,0.7564111812443642,None,2
1337,935,0,6,2,0.7564111812443642,None,2
1338,928,5,7,3,0.7553020739404869,None,2
1339,930,0,13,0,0.7516050495866575,None,2
1340,930,0,13,0,0.7538232642017388,None,2
1341,930,0,13,0,0.7538232642017388,None,2
1342,931,0,12,0,0.7538232642017388,None,2
1343,931,0,12,0,0.7541929666365799,None,2
1344,931,0,12,0,0.7541929666365799,None,2
1345,932,0,11,0,0.7541929666365799,None,2
1346,932,0,10,1,0.7545626690712327,None,2
1347,932,0,11,0,0.7543778178539199,None,2
1348,932,0,11,0,0.7545626690712327,None,2
1349,933,0,10,0,0.7545626690712327,None,2
1350,933,0,10,0,0.7549323715058609,None,2
1351,933,0,10,0,0.7549323715058609,None,2
1352,934,0,9,0,0.7549323715058609,None,2
1353,936,0,7,0,0.7553020739404869,None,2
1354,935,2,6,0,0.7560414788097385,None,2
1355,934,0,8,1,0.7553020739404869,None,2
1356,933,0,9,1,0.7551172227231739,None,2
1357,935,0,8,0,0.7547475202885481,None,2
1358,936,0,7,0,0.7556717763751127,None,2
1359,937,0,6,0,0.7560414788097385,None,2
1360,938,0,5,0,0.7564111812443642,None,2
1361,939,0,4,0,0.7567808836789901,None,2
1362,938,1,3,1,0.7571505861136159,None,2
1363,939,0,4,0,0.7564111812443642,None,2
1364,934,3,4,2,0.7571505861136159,None,2
1365,925,6,9,3,0.7543778178539224,None,2
1366,919,1,13,9,0.7503110907369677,None,2
1367,921,0,21,0,0.747908002512358,None,2
1368,922,0,20,0,0.7504959369884746,None,2
1369,923,0,19,0,0.7508656424175476,None,2
1370,922,0,19,1,0.7512353462355494,None,2
1371,922,0,20,0,0.7506807912002348,None,2
1372,925,0,17,0,0.7508656424175476,None,2
1373,925,0,17,0,0.7519747519196208,None,2
1374,926,0,16,0,0.7519747519196208,None,2
1375,927,0,15,0,0.7523444544323732,None,2
1376,925,0,15,2,0.7527141568905348,None,2
1377,927,0,15,0,0.7516050494849951,None,2
1378,928,0,13,1,0.7527141568905348,None,2
1379,929,0,13,0,0.7528990081138928,None,2
1380,930,0,12,0,0.7534535617671131,None,2
1381,928,2,12,0,0.7538232642019541,None,2
1382,928,0,13,1,0.75271415689658,None,2
1383,929,0,13,0,0.7528990081138928,None,2
1384,929,0,13,0,0.7534535617671131,None,2
1385,929,0,13,0,0.7534535617671131,None,2
1386,929,0,13,0,0.7534535617671131,None,2
1387,931,0,11,0,0.7534535617671131,None,2
1388,931,0,11,0,0.754192966636607,None,2
1389,933,0,9,0,0.754192966636607,None,2
1390,934,0,7,1,0.7549323715058611,None,2
1391,934,0,7,1,0.7551172227231739,None,2
1392,934,0,7,1,0.7551172227231739,None,2
1393,934,0,8,0,0.7551172227231739,None,2
1394,933,0,8,1,0.7553020739404869,None,2
1395,935,0,7,0,0.7547475202885482,None,2
1396,936,0,6,0,0.7556717763751127,None,2
1397,936,0,6,0,0.7560414788097385,None,2
1398,936,0,6,0,0.7560414788097385,None,2
1399,936,0,6,0,0.7560414788097385,None,2
1400,937,0,5,0,0.7560414788097385,None,2
1401,939,0,3,0,0.7564111812443642,None,2
1402,938,1,3,0,0.7571505861136159,None,2
1403,937,1,4,0,0.7565960324616772,None,2
1404,937,0,5,0,0.7562263300270514,None,2
1405,938,0,4,0,0.7564111812443642,None,2
1406,938,0,4,0,0.7567808836789901,None,2
1407,938,0,4,0,0.7567808836789901,None,2
1408,939,0,3,0,0.7567808836789901,None,2
1409,930,7,3,2,0.7571505861136159,None,2
1410,928,1,7,6,0.7521596032461381,None,2
1411,928,0,14,0,0.7517899008100154,None,2
1412,929,0,13,0,0.7530838593312057,None,2
1413,929,0,13,0,0.7534535617671131,None,2
1414,930,0,12,0,0.7534535617671131,None,2
1415,930,0,12,0,0.7538232642019541,None,2
1416,930,0,12,0,0.7538232642019541,None,2
1417,931,0,11,0,0.7538232642019541,None,2
1418,932,0,10,0,0.754192966636607,None,2
1419,932,0,10,0,0.7545626690712351,None,2
1420,932,0,10,0,0.7545626690712351,None,2
1421,932,0,10,0,0.7545626690712351,None,2
1422,928,3,8,3,0.7545626690712351,None,2
1423,922,0,13,7,0.7519747520273283,None,2
1424,915,4,18,3,0.7495716838963573,None,2
1425,916,0,23,0,0.7469836912303975,None,2
1426,918,0,21,0,0.7486474073816096,None,2
1427,919,0,20,0,0.7493868296845971,None,2
1428,918,0,20,1,0.7497565351136702,None,2
1429,920,1,18,0,0.7492019784672842,None,2
1430,923,1,15,0,0.7499413877143593,None,2
1431,923,0,16,0,0.7510504959111829,None,2
1432,923,0,15,1,0.7512353471284958,None,2
1433,923,0,15,1,0.7510504959111829,None,2
1434,914,6,15,4,0.7510504959111829,None,2
1435,903,10,20,6,0.746059435143833,None,2
1436,897,5,26,9,0.7408773640112508,None,2
1437,898,0,38,1,0.7390177685205802,None,2
1438,900,0,37,0,0.7417941716825279,None,2
1439,901,0,36,0,0.7427238908882952,None,2
1440,901,0,36,0,0.7430955786190055,None,2
1441,903,0,34,0,0.7430955786190055,None,2
1442,902,1,34,0,0.743837810449677,None,2
1443,905,0,32,0,0.7432820126953209,None,2
1444,907,0,30,0,0.744578910512073,None,2
1445,907,0,30,0,0.7453192625350602,None,2
1446,907,0,30,0,0.7453192625350602,None,2
1447,906,0,30,1,0.7453192625350602,None,2
1448,907,0,30,0,0.7447643086958752,None,2
1449,907,1,29,0,0.7453192625350602,None,2
1450,910,0,27,0,0.7451344113177474,None,2
1451,913,0,24,0,0.7464289914904754,None,2
1452,916,1,20,0,0.7475382796705224,None,2
1453,920,0,16,1,0.7484625735980328,None,2
1454,920,0,17,0,0.749941388529179,None,2
1455,917,2,17,1,0.7501262397464918,None,2
1456,917,0,19,1,0.74846257659248,None,2
1457,919,0,18,0,0.7488322790271058,None,2
1458,920,0,17,0,0.7497565370850291,None,2
1459,921,0,15,1,0.7501262397464918,None,2
1460,923,0,14,0,0.7503110910419314,None,2
1461,922,3,11,1,0.7512353471580768,None,2
1462,925,0,12,0,0.7501262398481543,None,2
1463,927,0,9,1,0.7519747520288251,None,2
1464,926,2,9,0,0.7525293056807933,None,2
1465,927,0,10,0,0.7519747520288522,None,2
1466,927,0,10,0,0.7527141568981063,None,2
1467,926,0,10,1,0.7527141568981063,None,2
1468,928,0,9,0,0.7521596032461652,None,2
1469,926,1,9,1,0.7530838593327321,None,2
1470,926,0,11,0,0.7519747520288522,None,2
1471,927,0,10,0,0.7523444544634781,None,2
1472,926,0,10,1,0.7527141568981063,None,2
1473,927,0,10,0,0.7521596032461652,None,2
1474,927,0,10,0,0.7527141568981063,None,2
1475,927,0,10,0,0.7527141568981063,None,2
1476,928,0,9,0,0.7527141568981063,None,2
1477,928,0,9,0,0.7530838593327321,None,2
1478,929,0,8,0,0.7530838593327321,None,2
1479,930,0,7,0,0.7534535617673579,None,2
1480,930,0,7,0,0.7538232642019838,None,2
1481,930,0,7,0,0.7538232642019838,None,2
1482,931,0,6,0,0.7538232642019838,None,2
1483,932,0,5,0,0.7541929666366095,None,2
1484,932,0,5,0,0.7545626690712353,None,2
1485,933,0,4,0,0.7545626690712353,None,2
1486,934,0,3,0,0.7549323715058611,None,2
1487,928,1,3,5,0.7553020739404869,None,2
1488,928,0,8,0,0.7519747520288548,None,2
1489,929,0,7,0,0.7530838593327321,None,2
1490,929,0,7,0,0.7534535617673579,None,2
1491,931,0,5,0,0.7534535617673579,None,2
1492,930,0,5,1,0.7541929666366095,None,2
1493,930,0,5,1,0.7536384129846707,None,2
1494,931,0,5,0,0.7536384129846707,None,2
1495,931,0,5,0,0.7541929666366095,None,2
1496,931,0,5,0,0.7541929666366095,None,2
1497,932,0,4,0,0.7541929666366095,None,2
1498,932,0,4,0,0.7545626690712353,None,2
1499,932,0,4,0,0.7545626690712353,None,2
1500,933,0,3,0,0.7545626690712353,None,2
1501,932,0,3,1,0.7549323715058611,None,2
1502,931,0,4,1,0.7543778178539224,None,2
1503,931,0,5,0,0.7540081154192966,None,2
1504,931,0,5,0,0.7541929666366095,None,2
1505,929,1,5,1,0.7541929666366095,None,2
1506,929,0,7,0,0.7530838593327321,None,2
1507,929,0,7,0,0.7534535617673579,None,2
1508,929,0,7,0,0.7534535617673579,None,2
1509,929,0,7,0,0.7534535617673579,None,2
1510,929,0,7,0,0.7534535617673579,None,2
1511,927,0,7,2,0.7534535617673579,None,2
1512,923,0,9,4,0.7523444544634806,None,2
1513,923,0,13,0,0.7504959422901069,None,2
1514,924,0,12,0,0.7512353471593584,None,2
1515,924,0,12,0,0.7516050495941994,None,2
1516,924,0,12,0,0.7516050495941994,None,2
1517,925,1,10,0,0.7516050495941994,None,2
1518,929,0,7,0,0.7517899008115394,None,2
1519,930,0,6,0,0.7534535617673579,None,2
1520,928,0,6,2,0.7538232642019838,None,2
1521,928,0,8,0,0.7527141568981064,None,2
1522,930,0,6,0,0.7530838593327321,None,2
1523,927,0,6,3,0.7538232642019838,None,2
1524,926,0,9,1,0.7521596032461677,None,2
1525,926,0,9,0,0.7521596032461676,None,2
1526,926,0,9,0,0.7523444544634806,None,2
1527,926,0,9,0,0.7523444544634806,None,2
1528,926,0,9,0,0.7523444544634806,None,2
1529,927,0,8,0,0.7523444544634806,None,2
1530,926,0,8,1,0.7527141568981064,None,2
1531,927,0,8,0,0.7521596032461676,None,2
1532,927,0,8,0,0.7527141568981064,None,2
1533,927,0,8,0,0.7527141568981064,None,2
1534,927,0,8,0,0.7527141568981064,None,2
1535,927,0,8,0,0.7527141568981064,None,2
1536,928,0,7,0,0.7527141568981064,None,2
1537,921,1,7,6,0.7530838593327321,None,2
1538,921,0,11,1,0.749201983767635,None,2
1539,922,0,10,0,0.7503110910730091,None,2
1540,924,0,8,0,0.7508656447249773,None,2
1541,924,0,8,0,0.7516050495942289,None,2
1542,924,0,8,0,0.7516050495942289,None,2
1543,924,0,8,0,0.7516050495942289,None,2
1544,924,0,8,0,0.7516050495942289,None,2
1545,924,0,8,0,0.7516050495942289,None,2
1546,922,2,8,0,0.7516050495942289,None,2
1547,918,0,8,5,0.7504959422903514,None,2
1548,917,1,12,1,0.7484625788996649,None,2
1549,916,0,13,2,0.7486474301156962,None,2
1550,918,0,13,0,0.7482777276750253,None,2
1551,919,0,12,0,0.7493868349862295,None,2
1552,919,0,12,0,0.7497565374210704,None,2
1553,916,2,12,1,0.7497565374210704,None,2
1554,915,1,11,4,0.7480928764577125,None,2
1555,916,0,13,1,0.747353471564925,None,2
1556,917,0,13,0,0.7484625788983833,None,2
1557,916,1,13,0,0.7490171325516036,None,2
1558,914,0,13,2,0.7484625788983833,None,2
1559,914,0,15,0,0.7475383228057738,None,2
1560,915,0,14,0,0.7479080252403996,None,2
1561,910,3,14,2,0.7482777276810705,None,2
1562,910,2,17,0,0.7455049584988497,None,2
1563,908,0,18,3,0.7460595121507885,None,2
1564,910,0,19,0,0.7451352516864006,None,2
1565,909,0,18,2,0.7464292145854142,None,2
1566,909,0,20,0,0.7456898083327865,None,2
1567,910,0,19,0,0.7460595107674124,None,2
1568,913,0,16,0,0.7464292145854142,None,2
1569,914,0,13,2,0.747538322782238,None,2
1570,915,0,14,0,0.7475383228057738,None,2
1571,914,2,13,0,0.7482777276810705,None,2
1572,915,0,13,1,0.7475383228057738,None,2
1573,916,0,13,0,0.7480928764637574,None,2
1574,916,0,13,0,0.7486474301169779,None,2
1575,916,0,13,0,0.7486474301169779,None,2
1576,917,0,12,0,0.7486474301169779,None,2
1577,917,0,12,0,0.7490171325518188,None,2
1578,917,0,12,0,0.7490171325518188,None,2
1579,914,2,10,3,0.7490171325518188,None,2
1580,916,0,11,1,0.7469837691538351,None,2
1581,915,0,12,1,0.7484625788998802,None,2
1582,914,0,13,1,0.7480928764650391,None,2
1583,914,0,14,0,0.7477231740291317,None,2
1584,914,0,14,0,0.7479080252464446,None,2
1585,915,0,13,0,0.7479080252464446,None,2
1586,915,0,13,0,0.7482777276823521,None,2
1587,915,0,13,0,0.7482777276823521,None,2
1588,916,0,12,0,0.7482777276823521,None,2
1589,918,0,10,0,0.748647430117193,None,2
1590,918,0,10,0,0.7493868349864742,None,2
1591,919,0,9,0,0.7493868349864742,None,2
1592,920,0,8,0,0.7497565374210999,None,2
1593,920,0,8,0,0.7501262398557258,None,2
1594,923,0,5,0,0.7501262398557258,None,2
1595,921,2,5,0,0.7512353471596032,None,2
1596,910,5,4,9,0.7501262398557258,None,2
1597,911,0,15,2,0.7438412981310164,None,2
1598,911,0,17,0,0.7464292154002339,None,2
1599,911,0,17,0,0.7467989178348597,None,2
1600,912,0,16,0,0.7467989178348597,None,2
1601,910,2,16,0,0.7471686203476121,None,2
1602,899,4,17,8,0.7460595127387711,None,2
1603,863,25,24,16,0.7401437147290141,None,2
1604,821,43,46,17,0.7208680594922454,None,2
1605,746,80,78,23,0.696788594558862,None,2
1606,693,107,105,22,0.6419495966652244,None,2
1607,681,86,143,15,0.6024140154701654,None,2
1608,684,59,168,14,0.600395886529644,None,2
1609,704,16,194,11,0.6075032481302858,None,2
1610,718,0,202,4,0.6289836898066525,None,2
1611,728,0,196,0,0.6426906109589178,None,2
1612,739,0,185,0,0.6500067995553964,None,2
1613,752,0,171,1,0.6572486807542377,None,2
1614,755,0,169,0,0.6656038179989615,None,2
1615,764,0,160,0,0.6677523696374343,None,2
1616,774,0,150,0,0.6736171823179687,None,2
1617,781,0,143,0,0.680068579059055,None,2
1618,789,0,135,0,0.684528084010909,None,2
1619,800,0,124,0,0.6895503587067975,None,2
1620,808,0,116,0,0.6962911883752831,None,2
1621,815,0,109,0,0.7010445825537084,None,2
1622,828,0,95,1,0.7050803386346338,None,2
1623,830,0,94,0,0.71203008597806,None,2
1624,836,0,88,0,0.713266368188266,None,2
1625,841,1,82,0,0.7163407772422026,None,2
1626,850,0,73,1,0.7186233650169946,None,2
1627,858,0,65,1,0.7228428390787206,None,2
1628,864,0,60,0,0.7263585450761225,None,2
1629,872,0,51,1,0.7290467701586417,None,2
1630,878,0,45,1,0.7320503607638096,None,2
1631,884,0,37,3,0.7343563105283839,None,2
1632,895,0,29,0,0.7362450002608868,None,2
1633,897,0,27,0,0.7408831195982657,None,2
1634,903,0,21,0,0.7416228598403402,None,2
1635,906,0,18,0,0.7438412931652103,None,2
1636,908,0,16,0,0.7449504054348938,None,2
1637,909,0,10,5,0.745689810609109,None,2
1638,912,0,12,0,0.7451352569807063,None,2
1639,915,0,9,0,0.7471686203786898,None,2
1640,915,0,8,1,0.7482777276825968,None,2
1641,915,0,9,0,0.748092876465284,None,2
1642,915,0,9,0,0.7482777276825968,None,2
1643,914,0,9,1,0.7482777276825968,None,2
1644,916,0,8,0,0.7477231740306581,None,2
1645,915,0,8,1,0.7486474301172227,None,2
1646,912,1,8,2,0.748092876465284,None,2
1647,911,0,11,1,0.7466140667267783,None,2
1648,912,0,11,0,0.7466140667267512,None,2
1649,911,1,11,0,0.747168620378717,None,2
1650,908,3,10,2,0.7466140667267512,None,2
1651,909,0,12,2,0.7447655545460804,None,2
1652,907,2,13,1,0.7456898106386899,None,2
1653,889,12,16,6,0.7447655545225444,None,2
1654,888,5,27,3,0.7353346544532839,None,2
1655,883,2,31,7,0.7368122200893696,None,2
1656,884,0,38,0,0.7347661905223836,None,2
1657,884,0,38,0,0.7368061943756538,None,2
1658,888,0,34,0,0.7368061943756538,None,2
1659,890,0,32,0,0.7382922739302902,None,2
1660,892,0,30,0,0.7390333739926861,None,2
1661,893,0,29,0,0.7397737260156735,None,2
1662,894,1,27,0,0.7401437147290141,None,2
1663,896,0,26,0,0.7403287657107724,None,2
1664,899,0,23,0,0.7412532466868328,None,2
1665,900,0,22,0,0.7423624659929712,None,2
1666,900,1,21,0,0.742732179831034,None,2
1667,902,0,20,0,0.742547328613721,None,2
1668,903,0,19,0,0.7434715937250318,None,2
1669,904,0,18,0,0.7438412975430336,None,2
1670,906,0,16,0,0.7442110005656422,None,2
1671,907,0,14,1,0.7449504057398574,None,2
1672,906,0,15,1,0.7451352569807063,None,2
1673,907,0,15,0,0.7447655545225444,None,2
1674,908,0,14,0,0.7453201081980191,None,2
1675,908,0,14,0,0.7456898106386899,None,2
1676,909,0,12,1,0.7456898106386899,None,2
1677,908,0,13,1,0.7458746618572845,None,2
1678,907,1,14,0,0.7455049594213771,None,2
1679,903,2,14,3,0.7451352569807063,None,2
1680,903,3,15,1,0.7429170414564692,None,2
1681,906,0,16,0,0.7431018926737821,None,2
1682,909,0,13,0,0.7449504057398574,None,2
1683,910,0,12,0,0.7460595130745973,None,2
1684,911,0,11,0,0.7464292155094384,None,2
1685,912,1,9,0,0.7467989179440911,None,2
1686,912,0,10,0,0.7469837691614065,None,2
1687,913,0,9,0,0.7471686203787193,None,2
1688,912,0,9,1,0.7475383228133453,None,2
1689,913,0,9,0,0.7469837691614065,None,2
1690,913,0,9,0,0.7475383228133453,None,2
1691,914,0,8,0,0.7475383228133453,None,2
1692,914,0,8,0,0.7479080252479711,None,2
1693,914,0,8,0,0.7479080252479711,None,2
1694,915,0,7,0,0.7479080252479711,None,2
1695,915,0,6,1,0.7482777276825968,None,2
1696,915,0,7,0,0.748092876465284,None,2
1697,915,0,7,0,0.7482777276825968,None,2
1698,910,1,7,4,0.7482777276825968,None,2
1699,910,0,12,0,0.7455049594228739,None,2
1700,910,0,12,0,0.7464292155094384,None,2
1701,911,0,10,1,0.7464292155094384,None,2
1702,913,0,9,0,0.7466140667267783,None,2
1703,913,0,9,0,0.7475383228133453,None,2
1704,913,0,9,0,0.7475383228133453,None,2
1705,914,0,8,0,0.7475383228133453,None,2
1706,914,0,8,0,0.7479080252479711,None,2
1707,914,0,8,0,0.7479080252479711,None,2
1708,914,0,6,2,0.7479080252479711,None,2
1709,915,1,6,0,0.7475383228133453,None,2
1710,913,0,5,4,0.748092876465284,None,2
1711,913,0,9,0,0.7467989179440937,None,2
1712,912,0,9,1,0.7475383228133453,None,2
1713,912,0,10,0,0.7469837691614065,None,2
1714,911,0,10,1,0.7471686203787193,None,2
1715,913,0,9,0,0.7466140667267783,None,2
1716,913,0,9,0,0.7475383228133453,None,2
1717,913,1,8,0,0.7475383228133453,None,2
1718,913,0,9,0,0.7473534715960324,None,2
1719,915,0,7,0,0.7475383228133453,None,2
1720,912,2,7,1,0.7482777276825968,None,2
1721,912,0,9,1,0.7466140667267807,None,2
1722,912,0,10,0,0.7469837691614065,None,2
1723,912,0,10,0,0.7471686203787193,None,2
1724,912,0,10,0,0.7471686203787193,None,2
1725,912,0,10,0,0.7471686203787193,None,2
1726,912,0,10,0,0.7471686203787193,None,2
1727,913,0,9,0,0.7471686203787193,None,2
1728,913,0,9,0,0.7475383228133453,None,2
1729,913,0,9,0,0.7475383228133453,None,2
1730,912,0,9,1,0.7475383228133453,None,2
1731,912,1,9,0,0.7469837691614065,None,2
1732,915,0,7,0,0.7469837691614065,None,2
1733,915,0,7,0,0.7482777276825968,None,2
1734,915,0,7,0,0.7482777276825968,None,2
1735,915,0,6,1,0.7482777276825968,None,2
1736,916,0,6,0,0.748092876465284,None,2
1737,916,0,6,0,0.7486474301172227,None,2
1738,916,0,6,0,0.7486474301172227,None,2
1739,917,0,5,0,0.7486474301172227,None,2
1740,912,3,5,2,0.7490171325518485,None,2
1741,908,3,9,2,0.7462443642921549,None,2
1742,907,1,11,2,0.7447655545521255,None,2
1743,907,0,12,1,0.7447655545521256,None,2
1744,907,0,13,0,0.7451352569880328,None,2
1745,907,0,13,0,0.7453201082053459,None,2
1746,907,0,13,0,0.7453201082053459,None,2
1747,910,0,10,0,0.7453201082053459,None,2
1748,910,0,10,0,0.7464292155094678,None,2
1749,908,3,9,0,0.7464292155094678,None,2
1750,910,0,10,0,0.745135256988248,None,2
1751,910,0,9,1,0.7464292155094678,None,2
1752,909,0,10,1,0.7462443642921549,None,2
1753,909,0,11,0,0.7458746618575267,None,2
1754,910,0,10,0,0.7460595130748396,None,2
1755,910,0,10,0,0.7464292155094678,None,2
1756,909,0,10,1,0.7464292155094678,None,2
1757,909,0,11,0,0.7458746618575267,None,2
1758,909,0,11,0,0.7460595130748396,None,2
1759,909,0,11,0,0.7460595130748396,None,2
1760,911,0,9,0,0.7460595130748396,None,2
1761,912,0,8,0,0.7467989179440937,None,2
1762,912,0,8,0,0.7471686203787196,None,2
1763,913,0,7,0,0.7471686203787196,None,2
1764,913,0,7,0,0.7475383228133453,None,2
1765,914,0,6,0,0.7475383228133453,None,2
1766,915,0,5,0,0.7479080252479711,None,2
1767,915,0,5,0,0.7482777276825968,None,2
1768,916,0,4,0,0.7482777276825968,None,2
1769,916,0,4,0,0.7486474301172227,None,2
1770,916,0,4,0,0.7486474301172227,None,2
1771,916,0,4,0,0.7486474301172227,None,2
1772,916,0,3,1,0.7486474301172227,None,2
1773,915,0,4,1,0.7484625788999097,None,2
1774,915,0,5,0,0.748092876465284,None,2
1775,915,0,5,0,0.7482777276825968,None,2
1776,915,0,5,0,0.7482777276825968,None,2
1777,915,0,5,0,0.7482777276825968,None,2
1778,914,0,4,2,0.7482777276825968,None,2
1779,915,0,4,0,0.7475383228133453,None,2
1780,916,0,3,0,0.7482777276825968,None,2
1781,915,1,3,0,0.7486474301172227,None,2
1782,911,2,2,4,0.748092876465284,None,2
1783,911,0,7,0,0.7456898106402163,None,2
1784,911,0,7,0,0.7467989179440937,None,2
1785,911,0,7,0,0.7467989179440937,None,2
1786,911,0,7,0,0.7467989179440937,None,2
1787,911,0,6,1,0.7467989179440937,None,2
1788,911,0,7,0,0.7466140667267809,None,2
1789,911,0,6,1,0.7467989179440937,None,2
1790,911,0,7,0,0.7466140667267809,None,2
1791,911,0,7,0,0.7467989179440937,None,2
1792,911,0,7,0,0.7467989179440937,None,2
1793,910,0,7,1,0.7467989179440937,None,2
1794,889,16,8,5,0.746244364292155,None,2
1795,861,18,17,22,0.7347830294269402,None,2
1796,855,12,39,11,0.7206482265986904,None,2
1797,861,1,54,1,0.7213845813045925,None,2
1798,862,0,53,1,0.7277023735818456,None,2
1799,862,0,54,0,0.7283094896635729,None,2
1800,863,0,53,0,0.7284943408808858,None,2
1801,864,0,52,0,0.7288870046194089,None,2
1802,862,0,51,3,0.7292775925041162,None,2
1803,866,0,48,2,0.7279397872289471,None,2
1804,870,0,46,0,0.7296832630793221,None,2
1805,870,0,46,0,0.7315835422686904,None,2
1806,871,0,45,0,0.7315835422686904,None,2
1807,873,0,43,0,0.7319626220518931,None,2
1808,870,4,40,2,0.732717257492452,None,2
1809,873,0,42,1,0.730474434964813,None,2
1810,874,0,42,0,0.7325324062751392,None,2
1811,875,0,41,0,0.7330930207527964,None,2
1812,879,0,37,0,0.7334678812030693,None,2
1813,880,0,35,1,0.7349601397611536,None,2
1814,875,3,35,3,0.7351469762745511,None,2
1815,880,0,36,0,0.732358773899192,None,2
1816,869,7,36,4,0.735331827491864,None,2
1817,875,0,41,0,0.7291697822423908,None,2
1818,878,1,37,0,0.7334678812030693,None,2
1819,879,0,36,1,0.7344031285505862,None,2
1820,883,0,33,0,0.7347752885438408,None,2
1821,888,0,27,1,0.7364447244989586,None,2
1822,890,0,26,0,0.7381105511030176,None,2
1823,891,0,24,1,0.7390350320790781,None,2
1824,893,0,22,1,0.739219940103256,None,2
1825,894,1,20,1,0.7399594001679035,None,2
1826,897,0,19,0,0.7401442627886534,None,2
1827,900,0,16,0,0.7416230829352789,None,2
1828,898,0,14,4,0.7427321911321026,None,2
1829,895,1,18,2,0.7412533810886358,None,2
1830,895,0,19,1,0.7403291200362654,None,2
1831,893,0,20,2,0.7406988254653384,None,2
1832,895,0,20,0,0.7397745603540278,None,2
1833,895,0,20,0,0.7408836766826512,None,2
1834,898,0,17,0,0.7408836766826512,None,2
1835,903,0,12,0,0.7419927861847245,None,2
1836,901,2,12,0,0.7438412984670577,None,2
1837,901,0,12,2,0.7427321911616835,None,2
1838,902,0,13,0,0.7427321911616835,None,2
1839,903,0,12,0,0.7434715960322169,None,2
1840,901,1,12,1,0.7438412984670577,None,2
1841,901,0,11,3,0.7427321911616835,None,2
1842,902,0,12,0,0.7425473399443707,None,2
1843,904,0,10,0,0.743471596032432,None,2
1844,904,0,7,3,0.7442110009017131,None,2
1845,895,5,10,4,0.7436564472497744,None,2
1846,899,0,15,0,0.7392200171102113,None,2
1847,900,0,14,0,0.7423624887210127,None,2
1848,900,0,13,1,0.7427321911616835,None,2
1849,900,0,14,0,0.7425473399443707,None,2
1850,896,2,12,4,0.7427321911616835,None,2
1851,897,0,16,1,0.7401442737847586,None,2
1852,899,0,15,0,0.7414382325327858,None,2
1853,898,0,15,1,0.7423624887210127,None,2
1854,898,0,15,1,0.7418079350455382,None,2
1855,899,0,15,0,0.7418079350455382,None,2
1856,900,0,14,0,0.7423624887210127,None,2
1857,901,0,13,0,0.7427321911616835,None,2
1858,901,0,13,0,0.743101893597591,None,2
1859,901,0,13,0,0.743101893597591,None,2
1860,902,0,12,0,0.743101893597591,None,2
1861,903,0,11,0,0.743471596032432,None,2
1862,901,1,11,1,0.7438412984670848,None,2
1863,902,0,12,0,0.7427321911629652,None,2
1864,902,0,12,0,0.743471596032432,None,2
1865,902,0,12,0,0.743471596032432,None,2
1866,902,0,12,0,0.743471596032432,None,2
1867,905,0,9,0,0.743471596032432,None,2
1868,899,4,9,2,0.7445807033363391,None,2
1869,899,0,13,2,0.7412533814171354,None,2
1870,901,0,13,0,0.741992786286387,None,2
1871,902,0,12,0,0.743101893597591,None,2
1872,902,1,10,1,0.743471596032432,None,2
1873,905,0,9,0,0.7431018935978062,None,2
1874,905,0,9,0,0.7445807033363391,None,2
1875,905,0,9,0,0.7445807033363391,None,2
1876,906,0,8,0,0.7445807033363391,None,2
1877,906,1,6,1,0.7449504057709648,None,2
1878,906,0,8,0,0.7445807033363391,None,2
1879,905,0,7,2,0.7449504057709648,None,2
1880,905,0,9,0,0.7442110009017132,None,2
1881,905,0,9,0,0.7445807033363391,None,2
1882,905,0,9,0,0.7445807033363391,None,2
1883,905,0,9,0,0.7445807033363391,None,2
1884,905,0,9,0,0.7445807033363391,None,2
1885,905,0,9,0,0.7445807033363391,None,2
1886,906,0,8,0,0.7445807033363391,None,2
1887,907,0,7,0,0.7449504057709648,None,2
1888,907,0,7,0,0.7453201082055906,None,2
1889,907,0,7,0,0.7453201082055906,None,2
1890,907,0,7,0,0.7453201082055906,None,2
1891,908,0,6,0,0.7453201082055906,None,2
1892,908,0,5,1,0.7456898106402163,None,2
1893,908,0,6,0,0.7455049594229035,None,2
1894,907,1,6,0,0.7456898106402163,None,2
1895,908,0,6,0,0.7451352569882778,None,2
1896,908,0,6,0,0.7456898106402163,None,2
1897,908,0,6,0,0.7456898106402163,None,2
1898,909,1,4,0,0.7456898106402163,None,2
1899,909,0,4,1,0.7458746618575292,None,2
1900,909,0,5,0,0.7458746618575292,None,2
1901,909,0,5,0,0.7460595130748422,None,2
1902,911,0,3,0,0.7460595130748422,None,2
1903,911,0,3,0,0.7467989179440937,None,2
1904,910,0,3,1,0.7467989179440937,None,2
1905,910,0,4,0,0.746244364292155,None,2
1906,910,0,4,0,0.746429215509468,None,2
1907,910,0,4,0,0.746429215509468,None,2
1908,909,0,4,1,0.746429215509468,None,2
1909,909,0,4,1,0.7458746618575292,None,2
1910,909,0,5,0,0.7458746618575292,None,2
1911,909,0,5,0,0.7460595130748422,None,2
1912,908,0,5,1,0.7460595130748422,None,2
1913,901,6,5,2,0.7455049594229035,None,2
1914,900,2,8,4,0.7416230838590879,None,2
1915,903,0,11,0,0.7416230838578063,None,2
1916,902,0,11,1,0.7438412984670848,None,2
1917,902,0,12,0,0.743286744815119,None,2
1918,903,0,11,0,0.743471596032432,None,2
1919,903,0,11,0,0.7438412984670848,None,2
1920,903,0,11,0,0.7438412984670848,None,2
1921,903,0,11,0,0.7438412984670848,None,2
1922,903,1,10,0,0.7438412984670848,None,2
1923,902,0,11,1,0.743656447249772,None,2
1924,901,0,12,1,0.743286744815119,None,2
1925,902,0,12,0,0.7429170423802781,None,2
1926,903,0,11,0,0.743471596032432,None,2
1927,904,0,10,0,0.7438412984670848,None,2
1928,903,0,10,1,0.7442110009017131,None,2
1929,905,0,9,0,0.743656447249772,None,2
1930,905,0,9,0,0.7445807033363391,None,2
1931,905,0,9,0,0.7445807033363391,None,2
1932,904,0,9,1,0.7445807033363391,None,2
1933,904,0,9,0,0.7440261496844002,None,2
1934,905,0,8,0,0.7442110009017132,None,2
1935,906,0,7,0,0.7445807033363391,None,2
1936,907,0,6,0,0.7449504057709648,None,2
1937,907,0,6,0,0.7453201082055906,None,2
1938,905,1,6,1,0.7453201082055906,None,2
1939,903,0,7,3,0.7442110009017132,None,2
1940,906,0,7,0,0.7432867448151486,None,2
1941,907,0,6,0,0.7449504057709648,None,2
1942,900,5,6,2,0.7453201082055906,None,2
1943,901,0,12,0,0.7414382326417751,None,2
1944,902,0,11,0,0.7431018935978062,None,2
1945,903,0,10,0,0.743471596032459,None,2
1946,901,1,10,1,0.7438412984670872,None,2
1947,893,3,10,7,0.7427321911631805,None,2
1948,891,0,19,3,0.7382957596402708,None,2
1949,893,0,20,0,0.7388503042674632,None,2
1950,894,0,19,0,0.7401442718133998,None,2
1951,894,0,19,0,0.7405139756314015,None,2
1952,894,0,19,0,0.7405139756314015,None,2
1953,896,0,17,0,0.7405139756314015,None,2
1954,898,0,15,0,0.741253381315473,None,2
1955,893,3,15,2,0.741992786286387,None,2
1956,878,8,19,8,0.7392200157268353,None,2
1957,881,0,31,1,0.7316363860046086,None,2
1958,883,0,30,0,0.7355212008637411,None,2
1959,885,0,28,0,0.7364464041040414,None,2
1960,886,0,27,0,0.7371862950164532,None,2
1961,887,0,26,0,0.7375561330594566,None,2
1962,892,0,21,0,0.7379259247752007,None,2
1963,894,0,19,0,0.7397745663843267,None,2
1964,894,0,19,0,0.7405139756314015,None,2
1965,895,0,18,0,0.7405139756314015,None,2
1966,896,0,17,0,0.7408836786540101,None,2
1967,897,0,15,1,0.741253381315473,None,2
1968,900,0,13,0,0.7414382326109124,None,2
1969,901,0,12,0,0.7427321911629652,None,2
1970,901,0,12,0,0.7431018935978062,None,2
1971,901,0,12,0,0.7431018935978062,None,2
1972,901,0,12,0,0.7431018935978062,None,2
1973,903,0,10,0,0.7431018935978062,None,2
1974,906,0,7,0,0.7438412984670872,None,2
1975,905,0,7,1,0.7449504057709648,None,2
1976,905,0,7,1,0.744395852119026,None,2
1977,905,0,8,0,0.744395852119026,None,2
1978,905,0,8,0,0.7445807033363391,None,2
1979,906,0,7,0,0.7445807033363391,None,2
1980,906,0,7,0,0.7449504057709648,None,2
1981,906,0,7,0,0.7449504057709648,None,2
1982,906,0,7,0,0.7449504057709648,None,2
1983,907,0,6,0,0.7449504057709648,None,2
1984,907,0,5,1,0.7453201082055906,None,2
1985,909,0,4,0,0.7451352569882778,None,2
1986,908,0,3,2,0.7460595130748422,None,2
1987,908,0,4,1,0.7453201082055906,None,2
1988,906,0,5,2,0.7455049594229035,None,2
1989,906,0,7,0,0.7445807033363391,None,2
1990,904,2,7,0,0.7449504057709648,None,2
1991,905,0,8,0,0.7438412984670874,None,2
1992,904,0,8,1,0.7445807033363391,None,2
1993,904,0,9,0,0.7440261496844003,None,2
1994,904,0,8,1,0.7442110009017132,None,2
1995,904,0,9,0,0.7440261496844003,None,2
1996,905,0,8,0,0.7442110009017132,None,2
1997,904,0,8,1,0.7445807033363391,None,2
1998,906,0,7,0,0.7440261496844003,None,2
1999,906,0,7,0,0.7449504057709648,None,2
2000,906,0,7,0,0.7449504057709648,None,2
2001,906,0,7,0,0.7449504057709648,None,2
